stardDateTime,startDate,startTime,endDateTime,endDate,endTime,Minutes Asleep,Minutes Awake,Number of Awakenings,Time in Bed,Minutes REM Sleep,Minutes Light Sleep,Minutes Deep Sleep
2020-01-05 3:58AM,2020-01-05,3:58AM,2020-01-05 9:27AM,2020-01-05,9:27AM,283,46,15,329,46,205,32
2020-01-06 12:05AM,2020-01-06,12:05AM,2020-01-06 7:12AM,2020-01-06,7:12AM,364,63,18,427,83,223,58
2020-01-07 1:21AM,2020-01-07,1:21AM,2020-01-07 9:03AM,2020-01-07,9:03AM,413,48,21,461,104,228,81
2020-01-10 2:36AM,2020-01-10,2:36AM,2020-01-10 9:03AM,2020-01-10,9:03AM,342,45,16,387,116,144,82
2020-01-11 2:09AM,2020-01-11,2:09AM,2020-01-11 11:31AM,2020-01-11,11:31AM,506,56,27,562,116,289,101
2020-01-12 5:10AM,2020-01-12,5:10AM,2020-01-12 12:55PM,2020-01-12,12:55PM,409,56,35,465,102,207,100
2020-01-13 2:36AM,2020-01-13,2:36AM,2020-01-13 9:13AM,2020-01-13,9:13AM,354,43,20,397,82,178,94
2020-01-13 6:24PM,2020-01-13,6:24PM,2020-01-13 8:10PM,2020-01-13,8:10PM,105,1,0,106,N/A,N/A,N/A
2020-01-14 1:23AM,2020-01-14,1:23AM,2020-01-14 9:02AM,2020-01-14,9:02AM,394,65,29,459,92,233,69
2020-01-20 2:08AM,2020-01-20,2:08AM,2020-01-20 8:34AM,2020-01-20,8:34AM,338,48,20,386,66,207,65
2020-01-21 2:34AM,2020-01-21,2:34AM,2020-01-21 9:42AM,2020-01-21,9:42AM,376,52,24,428,99,204,73
2020-01-23 3:34AM,2020-01-23,3:34AM,2020-01-23 9:42AM,2020-01-23,9:42AM,333,35,18,368,85,183,65
2020-01-24 2:10AM,2020-01-24,2:10AM,2020-01-24 8:57AM,2020-01-24,8:57AM,358,49,24,407,81,215,62
2020-01-25 3:30AM,2020-01-25,3:30AM,2020-01-25 11:48AM,2020-01-25,11:48AM,439,59,25,498,124,262,53
2020-01-26 2:08AM,2020-01-26,2:08AM,2020-01-26 11:33AM,2020-01-26,11:33AM,507,58,41,565,90,307,110
2020-01-27 1:21AM,2020-01-27,1:21AM,2020-01-27 9:03AM,2020-01-27,9:03AM,409,52,36,461,78,282,49
2020-01-28 1:35AM,2020-01-28,1:35AM,2020-01-28 9:02AM,2020-01-28,9:02AM,399,48,26,447,90,251,58
2020-01-29 11:14PM,2020-01-29,11:14PM,2020-01-30 7:23AM,2020-01-30,7:23AM,435,54,26,489,120,254,61
2020-01-29 2:15AM,2020-01-29,2:15AM,2020-01-29 9:05AM,2020-01-29,9:05AM,364,46,19,410,85,233,46
2020-01-31 1:54AM,2020-01-31,1:54AM,2020-01-31 8:22AM,2020-01-31,8:22AM,345,42,21,387,90,189,66
2020-02-01 3:03AM,2020-02-01,3:03AM,2020-02-01 11:59AM,2020-02-01,11:59AM,474,62,31,536,116,234,124
2020-02-02 3:34AM,2020-02-02,3:34AM,2020-02-02 12:20PM,2020-02-02,12:20PM,469,57,33,526,108,252,109
2020-02-03 2:56AM,2020-02-03,2:56AM,2020-02-03 9:18AM,2020-02-03,9:18AM,341,41,23,382,90,197,54
2020-02-04 2:23AM,2020-02-04,2:23AM,2020-02-04 9:12AM,2020-02-04,9:12AM,367,42,26,409,77,219,71
2020-02-05 12:43AM,2020-02-05,12:43AM,2020-02-05 9:08AM,2020-02-05,9:08AM,443,62,29,505,111,231,101
2020-02-09 2:48AM,2020-02-09,2:48AM,2020-02-09 12:24PM,2020-02-09,12:24PM,478,97,22,575,55,374,49
2020-02-10 1:44AM,2020-02-10,1:44AM,2020-02-10 9:30AM,2020-02-10,9:30AM,399,66,24,465,70,216,113
2020-02-11 1:47AM,2020-02-11,1:47AM,2020-02-11 9:30AM,2020-02-11,9:30AM,399,64,28,463,135,185,79
2020-02-12 1:53AM,2020-02-12,1:53AM,2020-02-12 11:03AM,2020-02-12,11:03AM,476,74,28,550,121,308,47
2020-02-13 12:04AM,2020-02-13,12:04AM,2020-02-13 9:41AM,2020-02-13,9:41AM,508,69,34,577,122,298,88
2020-02-14 1:56AM,2020-02-14,1:56AM,2020-02-14 9:46AM,2020-02-14,9:46AM,421,49,26,470,110,240,71
2020-02-15 3:24AM,2020-02-15,3:24AM,2020-02-15 11:57AM,2020-02-15,11:57AM,457,55,28,512,143,199,115
2020-02-17 1:01AM,2020-02-17,1:01AM,2020-02-17 9:05AM,2020-02-17,9:05AM,425,59,28,484,90,310,25
2020-03-26 2:18AM,2020-03-26,2:18AM,2020-03-26 8:54AM,2020-03-26,8:54AM,347,49,26,396,69,198,80
2020-03-27 3:09AM,2020-03-27,3:09AM,2020-03-27 1:02PM,2020-03-27,1:02PM,488,105,27,593,111,288,89
2020-03-30 6:38AM,2020-03-30,6:38AM,2020-03-30 11:55AM,2020-03-30,11:55AM,278,39,18,317,50,189,39
2020-03-31 1:11AM,2020-03-31,1:11AM,2020-03-31 10:52AM,2020-03-31,10:52AM,516,65,37,581,144,323,49
2020-04-01 1:46AM,2020-04-01,1:46AM,2020-04-01 3:25AM,2020-04-01,3:25AM,96,3,0,99,N/A,N/A,N/A
2020-04-01 1:46AM,2020-04-01,1:46AM,2020-04-01 3:25AM,2020-04-01,3:25AM,96,3,0,99,N/A,N/A,N/A
2020-04-01 4:30AM,2020-04-01,4:30AM,2020-04-01 12:30PM,2020-04-01,12:30PM,391,89,20,480,56,262,73
2020-04-01 4:30AM,2020-04-01,4:30AM,2020-04-01 12:30PM,2020-04-01,12:30PM,391,89,20,480,56,262,73
2020-04-02 11:33PM,2020-04-02,11:33PM,2020-04-03 7:34AM,2020-04-03,7:34AM,412,69,25,481,86,248,78
2020-04-04 1:54AM,2020-04-04,1:54AM,2020-04-04 10:54AM,2020-04-04,10:54AM,477,63,33,540,83,316,78
2020-04-04 11:49PM,2020-04-04,11:49PM,2020-04-05 9:15AM,2020-04-05,9:15AM,486,80,36,566,114,333,39
2020-04-06 12:29AM,2020-04-06,12:29AM,2020-04-06 9:27AM,2020-04-06,9:27AM,480,58,39,538,106,297,77
2020-04-07 1:58AM,2020-04-07,1:58AM,2020-04-07 9:36AM,2020-04-07,9:36AM,402,56,33,458,80,246,76
2020-04-08 1:28AM,2020-04-08,1:28AM,2020-04-08 9:13AM,2020-04-08,9:13AM,409,56,27,465,83,260,66
2020-04-09 3:02AM,2020-04-09,3:02AM,2020-04-09 10:11AM,2020-04-09,10:11AM,379,50,21,429,84,230,65
2020-04-10 1:50AM,2020-04-10,1:50AM,2020-04-10 1:18PM,2020-04-10,1:18PM,587,100,35,687,121,376,90
2020-04-11 2:13AM,2020-04-11,2:13AM,2020-04-11 10:20AM,2020-04-11,10:20AM,436,51,33,487,120,217,99
2020-04-12 1:55AM,2020-04-12,1:55AM,2020-04-12 11:59AM,2020-04-12,11:59AM,543,60,39,603,102,376,65
2020-04-13 1:32AM,2020-04-13,1:32AM,2020-04-13 10:33AM,2020-04-13,10:33AM,481,60,31,541,104,278,99
2020-04-14 12:06AM,2020-04-14,12:06AM,2020-04-14 8:33AM,2020-04-14,8:33AM,449,58,32,507,86,263,100
2020-04-15 1:30AM,2020-04-15,1:30AM,2020-04-15 10:25AM,2020-04-15,10:25AM,464,71,32,535,92,282,90
2020-04-16 1:38AM,2020-04-16,1:38AM,2020-04-16 9:54AM,2020-04-16,9:54AM,433,63,24,496,58,297,78
2020-04-17 1:09AM,2020-04-17,1:09AM,2020-04-17 8:59AM,2020-04-17,8:59AM,420,50,26,470,110,237,73
2020-04-18 3:35AM,2020-04-18,3:35AM,2020-04-18 11:18AM,2020-04-18,11:18AM,429,34,26,463,117,265,47
2020-04-19 2:36AM,2020-04-19,2:36AM,2020-04-19 10:38AM,2020-04-19,10:38AM,425,57,30,482,117,230,78
2020-04-20 3:20AM,2020-04-20,3:20AM,2020-04-20 10:06AM,2020-04-20,10:06AM,367,39,24,406,111,187,69
2020-04-21 1:56AM,2020-04-21,1:56AM,2020-04-21 10:56AM,2020-04-21,10:56AM,483,57,25,540,129,286,68
2020-04-22 3:31AM,2020-04-22,3:31AM,2020-04-22 9:15AM,2020-04-22,9:15AM,305,39,18,344,71,167,67
2020-04-23 1:16AM,2020-04-23,1:16AM,2020-04-23 9:30AM,2020-04-23,9:30AM,411,83,25,494,100,233,78
2020-04-24 3:08AM,2020-04-24,3:08AM,2020-04-24 11:27AM,2020-04-24,11:27AM,451,48,23,499,129,226,96
2020-04-25 2:32AM,2020-04-25,2:32AM,2020-04-25 10:45AM,2020-04-25,10:45AM,439,54,28,493,98,279,62
2020-04-26 1:56AM,2020-04-26,1:56AM,2020-04-26 8:43AM,2020-04-26,8:43AM,354,53,24,407,79,189,86
2020-04-27 2:11AM,2020-04-27,2:11AM,2020-04-27 11:50AM,2020-04-27,11:50AM,505,74,36,579,126,237,142
2020-04-28 11:31PM,2020-04-28,11:31PM,2020-04-29 9:37AM,2020-04-29,9:37AM,527,79,32,606,132,292,103
2020-04-28 2:21AM,2020-04-28,2:21AM,2020-04-28 9:05AM,2020-04-28,9:05AM,352,52,28,404,98,207,47
2020-04-30 4:04AM,2020-04-30,4:04AM,2020-04-30 10:23AM,2020-04-30,10:23AM,323,55,18,378,66,195,62
2020-05-01 12:42AM,2020-05-01,12:42AM,2020-05-01 9:35AM,2020-05-01,9:35AM,466,66,37,532,105,292,69
2020-05-02 1:38AM,2020-05-02,1:38AM,2020-05-02 8:36AM,2020-05-02,8:36AM,364,54,22,418,99,181,84
2020-05-03 4:17AM,2020-05-03,4:17AM,2020-05-03 12:33PM,2020-05-03,12:33PM,453,43,25,496,144,202,107
2020-05-04 1:08AM,2020-05-04,1:08AM,2020-05-04 8:50AM,2020-05-04,8:50AM,399,62,37,461,107,200,92
2020-05-05 12:56AM,2020-05-05,12:56AM,2020-05-05 7:57AM,2020-05-05,7:57AM,370,51,37,421,69,213,88
2020-05-05 5:05PM,2020-05-05,5:05PM,2020-05-05 6:20PM,2020-05-05,6:20PM,73,2,0,75,N/A,N/A,N/A
2020-05-06 12:24AM,2020-05-06,12:24AM,2020-05-06 7:56AM,2020-05-06,7:56AM,413,39,34,452,88,221,104
2020-05-07 10:39PM,2020-05-07,10:39PM,2020-05-08 7:56AM,2020-05-08,7:56AM,499,58,36,557,131,288,80
2020-05-07 12:56AM,2020-05-07,12:56AM,2020-05-07 8:19AM,2020-05-07,8:19AM,382,61,20,443,82,204,96
2020-05-09 1:04AM,2020-05-09,1:04AM,2020-05-09 8:39AM,2020-05-09,8:39AM,411,44,34,455,129,185,97
2020-05-09 5:01PM,2020-05-09,5:01PM,2020-05-09 7:08PM,2020-05-09,7:08PM,123,3,1,127,N/A,N/A,N/A
2020-05-10 1:40AM,2020-05-10,1:40AM,2020-05-10 8:05AM,2020-05-10,8:05AM,343,42,32,385,72,237,34
2020-05-11 1:02AM,2020-05-11,1:02AM,2020-05-11 7:54AM,2020-05-11,7:54AM,368,44,27,412,69,236,63
2020-05-12 11:34PM,2020-05-12,11:34PM,2020-05-13 7:50AM,2020-05-13,7:50AM,433,63,28,496,107,242,84
2020-05-12 12:27AM,2020-05-12,12:27AM,2020-05-12 7:57AM,2020-05-12,7:57AM,402,48,19,450,104,224,74
2020-05-14 12:32AM,2020-05-14,12:32AM,2020-05-14 9:12AM,2020-05-14,9:12AM,463,57,31,520,105,277,81
2020-05-15 12:54AM,2020-05-15,12:54AM,2020-05-15 7:56AM,2020-05-15,7:56AM,372,50,31,422,72,221,79
2020-05-16 2:07AM,2020-05-16,2:07AM,2020-05-16 11:25AM,2020-05-16,11:25AM,495,63,35,558,116,280,99
2020-05-17 2:17AM,2020-05-17,2:17AM,2020-05-17 10:07AM,2020-05-17,10:07AM,400,70,22,470,89,215,96
2020-05-17 5:01PM,2020-05-17,5:01PM,2020-05-17 6:28PM,2020-05-17,6:28PM,80,7,1,87,N/A,N/A,N/A
2020-05-18 1:05AM,2020-05-18,1:05AM,2020-05-18 7:58AM,2020-05-18,7:58AM,355,58,31,413,71,203,81
2020-05-19 12:01AM,2020-05-19,12:01AM,2020-05-19 7:57AM,2020-05-19,7:57AM,422,54,30,476,78,280,64
2020-05-20 3:02AM,2020-05-20,3:02AM,2020-05-20 5:54AM,2020-05-20,5:54AM,170,2,0,172,N/A,N/A,N/A
2020-05-21 4:07AM,2020-05-21,4:07AM,2020-05-21 11:50AM,2020-05-21,11:50AM,417,46,29,463,93,228,96
2020-05-22 1:17AM,2020-05-22,1:17AM,2020-05-22 8:19AM,2020-05-22,8:19AM,379,43,33,422,107,201,71
2020-05-23 3:28AM,2020-05-23,3:28AM,2020-05-23 12:07PM,2020-05-23,12:07PM,462,57,34,519,89,276,97
2020-05-24 5:54AM,2020-05-24,5:54AM,2020-05-24 8:49AM,2020-05-24,8:49AM,157,18,2,175,N/A,N/A,N/A
2020-05-25 2:56AM,2020-05-25,2:56AM,2020-05-25 1:09PM,2020-05-25,1:09PM,541,72,36,613,106,318,117
2020-05-26 3:25AM,2020-05-26,3:25AM,2020-05-26 8:14AM,2020-05-26,8:14AM,252,37,18,289,58,131,63
2020-05-26 6:48PM,2020-05-26,6:48PM,2020-05-26 8:03PM,2020-05-26,8:03PM,73,2,1,75,N/A,N/A,N/A
2020-05-27 1:50AM,2020-05-27,1:50AM,2020-05-27 10:22AM,2020-05-27,10:22AM,463,49,29,512,111,263,89
2020-05-28 1:31AM,2020-05-28,1:31AM,2020-05-28 9:08AM,2020-05-28,9:08AM,407,50,34,457,118,241,48
2020-05-29 1:33AM,2020-05-29,1:33AM,2020-05-29 9:40AM,2020-05-29,9:40AM,430,57,27,487,103,263,64
2020-05-30 3:26AM,2020-05-30,3:26AM,2020-05-30 7:44AM,2020-05-30,7:44AM,236,21,9,257,38,170,28
2020-05-31 1:20AM,2020-05-31,1:20AM,2020-05-31 10:26AM,2020-05-31,10:26AM,479,67,15,546,109,319,51
2020-06-01 1:19AM,2020-06-01,1:19AM,2020-06-01 9:12AM,2020-06-01,9:12AM,415,58,30,473,92,244,79
2020-06-02 12:33AM,2020-06-02,12:33AM,2020-06-02 8:02AM,2020-06-02,8:02AM,371,78,20,449,78,214,79
2020-06-03 3:28AM,2020-06-03,3:28AM,2020-06-03 9:58AM,2020-06-03,9:58AM,339,51,29,390,58,206,75
2020-06-03 6:07PM,2020-06-03,6:07PM,2020-06-03 8:19PM,2020-06-03,8:19PM,118,14,1,132,N/A,N/A,N/A
2020-06-04 2:37AM,2020-06-04,2:37AM,2020-06-04 9:38AM,2020-06-04,9:38AM,379,42,24,421,88,223,68
2020-06-06 2:36AM,2020-06-06,2:36AM,2020-06-06 7:31AM,2020-06-06,7:31AM,273,22,15,295,47,146,80
2020-06-07 2:47AM,2020-06-07,2:47AM,2020-06-07 9:16AM,2020-06-07,9:16AM,347,42,16,389,88,202,57
2020-06-08 12:34AM,2020-06-08,12:34AM,2020-06-08 8:27AM,2020-06-08,8:27AM,420,53,32,473,114,204,102
2020-06-10 2:15AM,2020-06-10,2:15AM,2020-06-10 8:33AM,2020-06-10,8:33AM,329,48,32,377,69,181,79
2020-06-11 12:55AM,2020-06-11,12:55AM,2020-06-11 9:03AM,2020-06-11,9:03AM,438,50,25,488,93,256,89
2020-06-12 2:58AM,2020-06-12,2:58AM,2020-06-12 9:58AM,2020-06-12,9:58AM,364,55,25,419,61,223,80
2020-06-13 11:17PM,2020-06-13,11:17PM,2020-06-14 10:03AM,2020-06-14,10:03AM,546,100,35,646,147,299,100
2020-06-13 5:15AM,2020-06-13,5:15AM,2020-06-13 10:11AM,2020-06-13,10:11AM,259,36,19,295,40,142,77
2020-06-15 2:41AM,2020-06-15,2:41AM,2020-06-15 8:55AM,2020-06-15,8:55AM,339,35,4,374,N/A,N/A,N/A
2020-06-16 1:19AM,2020-06-16,1:19AM,2020-06-16 8:55AM,2020-06-16,8:55AM,400,55,28,455,83,249,68
2020-06-16 10:43PM,2020-06-16,10:43PM,2020-06-17 8:20AM,2020-06-17,8:20AM,507,70,41,577,120,276,111
2020-06-18 1:37AM,2020-06-18,1:37AM,2020-06-18 7:54AM,2020-06-18,7:54AM,328,49,17,377,81,180,67
2020-06-19 1:30AM,2020-06-19,1:30AM,2020-06-19 8:31AM,2020-06-19,8:31AM,375,46,24,421,89,237,49
2020-06-20 2:11AM,2020-06-20,2:11AM,2020-06-20 10:42AM,2020-06-20,10:42AM,469,42,39,511,136,233,100
2020-06-21 1:29AM,2020-06-21,1:29AM,2020-06-21 10:13AM,2020-06-21,10:13AM,450,73,25,523,101,296,53
2020-06-22 2:23AM,2020-06-22,2:23AM,2020-06-22 7:55AM,2020-06-22,7:55AM,296,35,18,331,75,150,71
2020-06-23 2:14AM,2020-06-23,2:14AM,2020-06-23 8:58AM,2020-06-23,8:58AM,354,50,25,404,73,219,62
2020-06-24 1:55AM,2020-06-24,1:55AM,2020-06-24 8:57AM,2020-06-24,8:57AM,366,56,14,422,79,236,51
2020-06-25 2:31AM,2020-06-25,2:31AM,2020-06-25 9:52AM,2020-06-25,9:52AM,385,56,18,441,96,210,79
2020-06-26 12:07AM,2020-06-26,12:07AM,2020-06-26 8:05AM,2020-06-26,8:05AM,431,47,26,478,91,257,83
2020-06-28 3:26PM,2020-06-28,3:26PM,2020-06-28 5:35PM,2020-06-28,5:35PM,125,4,1,129,N/A,N/A,N/A
2020-06-28 3:58AM,2020-06-28,3:58AM,2020-06-28 11:27AM,2020-06-28,11:27AM,399,50,24,449,91,217,91
2020-06-29 1:16AM,2020-06-29,1:16AM,2020-06-29 8:57AM,2020-06-29,8:57AM,416,44,25,460,89,246,81
2020-06-30 1:16AM,2020-06-30,1:16AM,2020-06-30 9:21AM,2020-06-30,9:21AM,431,54,25,485,110,249,72
2020-06-30 11:57PM,2020-06-30,11:57PM,2020-07-01 7:57AM,2020-07-01,7:57AM,420,60,32,480,109,227,84
2020-07-01 5:04PM,2020-07-01,5:04PM,2020-07-01 6:45PM,2020-07-01,6:45PM,95,6,0,101,N/A,N/A,N/A
2020-07-02 1:21AM,2020-07-02,1:21AM,2020-07-02 7:57AM,2020-07-02,7:57AM,342,53,29,395,86,182,74
2020-07-03 1:58AM,2020-07-03,1:58AM,2020-07-03 7:28AM,2020-07-03,7:28AM,295,34,14,329,74,159,62
2020-07-03 8:41AM,2020-07-03,8:41AM,2020-07-03 11:48AM,2020-07-03,11:48AM,174,13,6,187,40,99,35
2020-07-04 10:09AM,2020-07-04,10:09AM,2020-07-04 11:28AM,2020-07-04,11:28AM,74,5,1,79,N/A,N/A,N/A
2020-07-04 2:07AM,2020-07-04,2:07AM,2020-07-04 8:24AM,2020-07-04,8:24AM,343,33,17,376,83,181,79
2020-07-05 3:56AM,2020-07-05,3:56AM,2020-07-05 10:15AM,2020-07-05,10:15AM,341,38,17,379,90,179,72
2020-07-05 5:15PM,2020-07-05,5:15PM,2020-07-05 7:22PM,2020-07-05,7:22PM,120,7,0,127,N/A,N/A,N/A
2020-07-06 2:45AM,2020-07-06,2:45AM,2020-07-06 8:56AM,2020-07-06,8:56AM,336,35,26,371,62,206,68
2020-07-07 2:52AM,2020-07-07,2:52AM,2020-07-07 8:56AM,2020-07-07,8:56AM,313,50,25,363,69,223,21
2020-07-08 1:04AM,2020-07-08,1:04AM,2020-07-08 8:03AM,2020-07-08,8:03AM,381,38,25,419,99,200,82
2020-07-09 1:55AM,2020-07-09,1:55AM,2020-07-09 9:59AM,2020-07-09,9:59AM,424,60,24,484,66,251,107
2020-07-10 2:20AM,2020-07-10,2:20AM,2020-07-10 8:57AM,2020-07-10,8:57AM,346,50,21,396,95,169,82
2020-07-11 12:21PM,2020-07-11,12:21PM,2020-07-11 3:00PM,2020-07-11,3:00PM,148,11,0,159,N/A,N/A,N/A
2020-07-11 3:24AM,2020-07-11,3:24AM,2020-07-11 10:38AM,2020-07-11,10:38AM,395,38,24,433,107,207,81
2020-07-11 7:04PM,2020-07-11,7:04PM,2020-07-11 9:41PM,2020-07-11,9:41PM,137,20,4,157,N/A,N/A,N/A
2020-07-12 4:14AM,2020-07-12,4:14AM,2020-07-12 11:17AM,2020-07-12,11:17AM,365,58,18,423,60,251,54
2020-07-13 12:17AM,2020-07-13,12:17AM,2020-07-13 10:21AM,2020-07-13,10:21AM,522,82,41,604,125,304,93
2020-07-14 1:54AM,2020-07-14,1:54AM,2020-07-14 8:30AM,2020-07-14,8:30AM,342,54,29,396,74,193,75
2020-07-15 1:46AM,2020-07-15,1:46AM,2020-07-15 10:20AM,2020-07-15,10:20AM,459,54,23,513,99,275,85
2020-07-16 2:24AM,2020-07-16,2:24AM,2020-07-16 7:56AM,2020-07-16,7:56AM,296,36,20,332,58,168,70
2020-07-17 1:18PM,2020-07-17,1:18PM,2020-07-17 3:17PM,2020-07-17,3:17PM,98,21,1,119,N/A,N/A,N/A
2020-07-17 12:41AM,2020-07-17,12:41AM,2020-07-17 9:57AM,2020-07-17,9:57AM,493,63,32,556,95,304,94
2020-07-17 6:18PM,2020-07-17,6:18PM,2020-07-17 7:32PM,2020-07-17,7:32PM,69,5,0,74,N/A,N/A,N/A
2020-07-18 12:39AM,2020-07-18,12:39AM,2020-07-18 6:59AM,2020-07-18,6:59AM,331,49,28,380,67,196,68
2020-07-19 4:21AM,2020-07-19,4:21AM,2020-07-19 12:27PM,2020-07-19,12:27PM,430,56,32,486,89,251,90
2020-07-20 1:18AM,2020-07-20,1:18AM,2020-07-20 10:07AM,2020-07-20,10:07AM,461,68,30,529,78,273,110
2020-07-21 1:01AM,2020-07-21,1:01AM,2020-07-21 7:56AM,2020-07-21,7:56AM,367,48,28,415,116,181,70
2020-07-21 6:06PM,2020-07-21,6:06PM,2020-07-21 9:15PM,2020-07-21,9:15PM,158,31,20,189,9,112,37
2020-07-22 1:37AM,2020-07-22,1:37AM,2020-07-22 8:01AM,2020-07-22,8:01AM,339,45,15,384,100,191,48
2020-07-23 1:51AM,2020-07-23,1:51AM,2020-07-23 9:45AM,2020-07-23,9:45AM,416,58,27,474,103,215,98
2020-07-24 3:07AM,2020-07-24,3:07AM,2020-07-24 7:57AM,2020-07-24,7:57AM,258,31,19,289,37,159,62
2020-07-25 1:42AM,2020-07-25,1:42AM,2020-07-25 1:57PM,2020-07-25,1:57PM,650,85,35,735,106,439,105
2020-07-26 1:15AM,2020-07-26,1:15AM,2020-07-26 11:41AM,2020-07-26,11:41AM,535,91,32,626,107,333,95
2020-07-27 1:21AM,2020-07-27,1:21AM,2020-07-27 8:03AM,2020-07-27,8:03AM,347,54,20,401,76,214,57
2020-07-27 10:02AM,2020-07-27,10:02AM,2020-07-27 11:23AM,2020-07-27,11:23AM,74,6,3,81,N/A,N/A,N/A
2020-07-28 1:57AM,2020-07-28,1:57AM,2020-07-28 10:05AM,2020-07-28,10:05AM,421,67,26,488,90,270,61
2020-07-29 3:50AM,2020-07-29,3:50AM,2020-07-29 7:11AM,2020-07-29,7:11AM,169,31,9,200,19,137,13
2020-07-29 8:50AM,2020-07-29,8:50AM,2020-07-29 10:42AM,2020-07-29,10:42AM,100,11,1,111,N/A,N/A,N/A
2020-07-30 2:05AM,2020-07-30,2:05AM,2020-07-30 10:09AM,2020-07-30,10:09AM,423,61,33,484,78,262,83
2020-08-02 2:14AM,2020-08-02,2:14AM,2020-08-02 9:50AM,2020-08-02,9:50AM,423,33,25,456,101,235,87
2020-08-03 1:26AM,2020-08-03,1:26AM,2020-08-03 8:57AM,2020-08-03,8:57AM,410,40,23,450,108,223,79
2020-08-04 2:30AM,2020-08-04,2:30AM,2020-08-04 8:28AM,2020-08-04,8:28AM,315,43,17,358,79,171,65
2020-08-04 6:13PM,2020-08-04,6:13PM,2020-08-04 11:07PM,2020-08-04,11:07PM,254,40,18,294,45,158,51
2020-08-05 12:38AM,2020-08-05,12:38AM,2020-08-05 7:57AM,2020-08-05,7:57AM,401,38,32,439,100,246,55
2020-08-06 1:50AM,2020-08-06,1:50AM,2020-08-06 7:51AM,2020-08-06,7:51AM,325,36,15,361,51,199,75
2020-08-07 1:19AM,2020-08-07,1:19AM,2020-08-07 7:58AM,2020-08-07,7:58AM,363,36,24,399,91,211,61
2020-08-08 1:24AM,2020-08-08,1:24AM,2020-08-08 10:38AM,2020-08-08,10:38AM,482,72,25,554,99,313,70
2020-08-09 10:54AM,2020-08-09,10:54AM,2020-08-09 12:34PM,2020-08-09,12:34PM,87,13,2,100,N/A,N/A,N/A
2020-08-09 2:23AM,2020-08-09,2:23AM,2020-08-09 9:17AM,2020-08-09,9:17AM,372,42,23,414,123,183,66
2020-08-10 1:53AM,2020-08-10,1:53AM,2020-08-10 7:43AM,2020-08-10,7:43AM,318,32,24,350,77,182,59
2020-08-11 12:49AM,2020-08-11,12:49AM,2020-08-11 4:44AM,2020-08-11,4:44AM,202,32,16,234,24,136,42
2020-08-11 6:00AM,2020-08-11,6:00AM,2020-08-11 9:52AM,2020-08-11,9:52AM,206,26,11,232,42,127,37
2020-08-12 1:15AM,2020-08-12,1:15AM,2020-08-12 8:28AM,2020-08-12,8:28AM,400,33,27,433,118,203,79
2020-08-13 1:14AM,2020-08-13,1:14AM,2020-08-13 8:38AM,2020-08-13,8:38AM,402,42,25,444,92,272,38
2020-08-14 1:38AM,2020-08-14,1:38AM,2020-08-14 8:44AM,2020-08-14,8:44AM,374,52,27,426,99,185,90
2020-08-15 1:44AM,2020-08-15,1:44AM,2020-08-15 10:05AM,2020-08-15,10:05AM,446,54,35,500,96,284,66
2020-08-16 12:41AM,2020-08-16,12:41AM,2020-08-16 9:47AM,2020-08-16,9:47AM,486,60,31,546,143,254,89
2020-08-17 2:44AM,2020-08-17,2:44AM,2020-08-17 9:00AM,2020-08-17,9:00AM,343,33,25,376,65,202,76
2020-08-18 2:51AM,2020-08-18,2:51AM,2020-08-18 8:52AM,2020-08-18,8:52AM,307,54,16,361,63,194,50
2020-08-20 1:05AM,2020-08-20,1:05AM,2020-08-20 8:57AM,2020-08-20,8:57AM,409,62,27,471,124,175,110
2020-08-21 2:10AM,2020-08-21,2:10AM,2020-08-21 9:22AM,2020-08-21,9:22AM,382,50,24,432,79,207,96
2020-08-22 12:18AM,2020-08-22,12:18AM,2020-08-22 8:55AM,2020-08-22,8:55AM,469,48,37,517,108,298,63
2020-08-23 1:33AM,2020-08-23,1:33AM,2020-08-23 10:54AM,2020-08-23,10:54AM,492,69,48,561,137,265,90
2020-08-23 1:55PM,2020-08-23,1:55PM,2020-08-23 3:38PM,2020-08-23,3:38PM,94,9,1,103,N/A,N/A,N/A
2020-08-23 11:52PM,2020-08-23,11:52PM,2020-08-24 7:13AM,2020-08-24,7:13AM,386,54,25,440,91,224,71
2020-08-25 1:37AM,2020-08-25,1:37AM,2020-08-25 8:13AM,2020-08-25,8:13AM,351,45,23,396,102,144,105
2020-08-26 12:10AM,2020-08-26,12:10AM,2020-08-26 8:37AM,2020-08-26,8:37AM,429,78,24,507,80,263,86
2020-08-27 1:08AM,2020-08-27,1:08AM,2020-08-27 7:40AM,2020-08-27,7:40AM,347,45,16,392,86,195,66
2020-08-28 12:07AM,2020-08-28,12:07AM,2020-08-28 9:56AM,2020-08-28,9:56AM,532,57,31,589,158,295,79
2020-08-29 1:07AM,2020-08-29,1:07AM,2020-08-29 9:22AM,2020-08-29,9:22AM,432,62,27,494,72,252,108
2020-08-30 1:09AM,2020-08-30,1:09AM,2020-08-30 10:23AM,2020-08-30,10:23AM,514,40,29,554,141,294,79
2020-08-30 11:36PM,2020-08-30,11:36PM,2020-08-31 6:48AM,2020-08-31,6:48AM,376,56,27,432,78,238,60
2020-08-31 1:26PM,2020-08-31,1:26PM,2020-08-31 2:38PM,2020-08-31,2:38PM,70,2,0,72,N/A,N/A,N/A
2020-09-01 1:02AM,2020-09-01,1:02AM,2020-09-01 9:05AM,2020-09-01,9:05AM,418,65,29,483,95,229,94
2020-09-01 11:54PM,2020-09-01,11:54PM,2020-09-02 7:01AM,2020-09-02,7:01AM,374,52,25,426,101,195,78
2020-09-03 1:00AM,2020-09-03,1:00AM,2020-09-03 9:20AM,2020-09-03,9:20AM,433,66,28,499,82,303,48
2020-09-03 11:55PM,2020-09-03,11:55PM,2020-09-04 7:57AM,2020-09-04,7:57AM,412,70,32,482,102,225,85
2020-09-05 11:31PM,2020-09-05,11:31PM,2020-09-06 10:47AM,2020-09-06,10:47AM,587,89,41,676,110,378,99
2020-09-05 12:47AM,2020-09-05,12:47AM,2020-09-05 8:22AM,2020-09-05,8:22AM,412,43,26,455,113,235,64
2020-09-06 11:16PM,2020-09-06,11:16PM,2020-09-07 7:05AM,2020-09-07,7:05AM,409,60,36,469,93,241,75
2020-09-08 12:23AM,2020-09-08,12:23AM,2020-09-08 8:53AM,2020-09-08,8:53AM,462,48,30,510,124,286,52
2020-09-09 1:11AM,2020-09-09,1:11AM,2020-09-09 8:00AM,2020-09-09,8:00AM,375,34,22,409,92,224,59
2020-09-09 9:20AM,2020-09-09,9:20AM,2020-09-09 11:41AM,2020-09-09,11:41AM,132,8,0,140,N/A,N/A,N/A
2020-09-10 12:28AM,2020-09-10,12:28AM,2020-09-10 9:01AM,2020-09-10,9:01AM,457,56,34,513,124,260,73
2020-09-11 1:32AM,2020-09-11,1:32AM,2020-09-11 11:52AM,2020-09-11,11:52AM,546,74,39,620,112,302,132
2020-09-12 1:48AM,2020-09-12,1:48AM,2020-09-12 9:30AM,2020-09-12,9:30AM,395,67,20,462,95,250,50
2020-09-13 12:56AM,2020-09-13,12:56AM,2020-09-13 10:30AM,2020-09-13,10:30AM,502,71,34,573,95,354,53
2020-09-14 12:57AM,2020-09-14,12:57AM,2020-09-14 7:50AM,2020-09-14,7:50AM,359,54,29,413,83,213,63
2020-09-15 1:26AM,2020-09-15,1:26AM,2020-09-15 9:05AM,2020-09-15,9:05AM,408,51,31,459,106,201,101
2020-09-16 12:58AM,2020-09-16,12:58AM,2020-09-16 9:34AM,2020-09-16,9:34AM,468,48,32,516,118,256,94
2020-09-17 12:34AM,2020-09-17,12:34AM,2020-09-17 9:25AM,2020-09-17,9:25AM,489,41,39,530,106,266,117
2020-09-19 12:59AM,2020-09-19,12:59AM,2020-09-19 6:54AM,2020-09-19,6:54AM,318,37,28,355,65,222,31
2020-09-20 12:26AM,2020-09-20,12:26AM,2020-09-20 10:02AM,2020-09-20,10:02AM,506,70,39,576,107,323,76
2020-09-21 12:10AM,2020-09-21,12:10AM,2020-09-21 7:24AM,2020-09-21,7:24AM,367,67,30,434,71,243,53
2020-09-22 1:03AM,2020-09-22,1:03AM,2020-09-22 9:13AM,2020-09-22,9:13AM,430,60,37,490,127,243,60
2020-09-23 1:39AM,2020-09-23,1:39AM,2020-09-23 10:40AM,2020-09-23,10:40AM,483,58,34,541,122,250,111
2020-09-24 12:23AM,2020-09-24,12:23AM,2020-09-24 9:22AM,2020-09-24,9:22AM,475,63,40,538,141,246,88
2020-09-26 1:23AM,2020-09-26,1:23AM,2020-09-26 8:52AM,2020-09-26,8:52AM,377,72,28,449,58,265,54
2020-09-27 1:46AM,2020-09-27,1:46AM,2020-09-27 11:44AM,2020-09-27,11:44AM,521,77,40,598,124,335,62
2020-09-28 12:51AM,2020-09-28,12:51AM,2020-09-28 8:14AM,2020-09-28,8:14AM,387,56,28,443,97,232,58
2020-09-29 1:56AM,2020-09-29,1:56AM,2020-09-29 9:17AM,2020-09-29,9:17AM,392,49,25,441,93,227,72
2020-09-30 12:22AM,2020-09-30,12:22AM,2020-09-30 7:00AM,2020-09-30,7:00AM,354,44,18,398,70,210,74
2020-10-01 1:01AM,2020-10-01,1:01AM,2020-10-01 9:15AM,2020-10-01,9:15AM,454,40,26,494,89,294,71
2020-10-02 1:05AM,2020-10-02,1:05AM,2020-10-02 10:16AM,2020-10-02,10:16AM,461,90,40,551,89,307,65
2020-10-03 12:31AM,2020-10-03,12:31AM,2020-10-03 9:35AM,2020-10-03,9:35AM,477,67,40,544,81,305,91
2020-10-04 2:11AM,2020-10-04,2:11AM,2020-10-04 10:59AM,2020-10-04,10:59AM,466,62,25,528,131,254,81
2020-10-06 1:16AM,2020-10-06,1:16AM,2020-10-06 9:40AM,2020-10-06,9:40AM,444,60,21,504,123,233,88
2020-10-06 3:23PM,2020-10-06,3:23PM,2020-10-06 5:13PM,2020-10-06,5:13PM,100,10,1,110,N/A,N/A,N/A
2020-10-07 12:01AM,2020-10-07,12:01AM,2020-10-07 7:53AM,2020-10-07,7:53AM,424,48,31,472,82,260,82
2020-10-07 3:49PM,2020-10-07,3:49PM,2020-10-07 5:03PM,2020-10-07,5:03PM,62,9,0,74,N/A,N/A,N/A
2020-10-08 1:02AM,2020-10-08,1:02AM,2020-10-08 9:05AM,2020-10-08,9:05AM,432,51,27,483,122,248,62
2020-10-09 3:13AM,2020-10-09,3:13AM,2020-10-09 11:53AM,2020-10-09,11:53AM,461,59,28,520,128,249,84
2020-10-10 2:38AM,2020-10-10,2:38AM,2020-10-10 11:20AM,2020-10-10,11:20AM,467,55,29,522,79,301,87
2020-10-11 2:54AM,2020-10-11,2:54AM,2020-10-11 12:11PM,2020-10-11,12:11PM,498,59,27,557,122,286,90
2020-10-12 12:46AM,2020-10-12,12:46AM,2020-10-12 7:49AM,2020-10-12,7:49AM,380,42,29,422,88,216,76
2020-10-12 9:22AM,2020-10-12,9:22AM,2020-10-12 10:26AM,2020-10-12,10:26AM,63,1,0,64,N/A,N/A,N/A
2020-10-13 1:17AM,2020-10-13,1:17AM,2020-10-13 7:51AM,2020-10-13,7:51AM,346,47,25,393,58,207,81
2020-10-13 8:55AM,2020-10-13,8:55AM,2020-10-13 10:19AM,2020-10-13,10:19AM,84,0,0,84,N/A,N/A,N/A
2020-10-15 12:31AM,2020-10-15,12:31AM,2020-10-15 9:28AM,2020-10-15,9:28AM,473,64,37,537,92,309,72
2020-10-16 12:27AM,2020-10-16,12:27AM,2020-10-16 10:59AM,2020-10-16,10:59AM,540,92,27,632,156,263,121
2020-10-17 1:05AM,2020-10-17,1:05AM,2020-10-17 11:36AM,2020-10-17,11:36AM,556,75,49,631,129,337,90
2020-10-18 1:09AM,2020-10-18,1:09AM,2020-10-18 11:04AM,2020-10-18,11:04AM,531,63,38,594,136,301,94
2020-10-19 12:39AM,2020-10-19,12:39AM,2020-10-19 6:43AM,2020-10-19,6:43AM,325,39,30,364,76,189,60
2020-10-20 12:29AM,2020-10-20,12:29AM,2020-10-20 8:51AM,2020-10-20,8:51AM,449,52,35,501,101,247,101
2020-10-21 12:34AM,2020-10-21,12:34AM,2020-10-21 8:52AM,2020-10-21,8:52AM,446,52,28,498,114,282,50
2020-10-22 12:58AM,2020-10-22,12:58AM,2020-10-22 9:13AM,2020-10-22,9:13AM,449,46,33,495,106,266,77
2020-10-23 12:11AM,2020-10-23,12:11AM,2020-10-23 9:13AM,2020-10-23,9:13AM,476,65,41,541,121,288,67
2020-10-24 2:02AM,2020-10-24,2:02AM,2020-10-24 9:13AM,2020-10-24,9:13AM,371,60,19,431,75,242,54
2020-10-25 4:22AM,2020-10-25,4:22AM,2020-10-25 9:13AM,2020-10-25,9:13AM,247,44,18,291,61,154,32
2020-10-26 2:03AM,2020-10-26,2:03AM,2020-10-26 10:01AM,2020-10-26,10:01AM,423,55,33,478,80,265,78
2020-10-27 1:16AM,2020-10-27,1:16AM,2020-10-27 7:15AM,2020-10-27,7:15AM,308,51,19,359,74,178,56
2020-10-27 11:52PM,2020-10-27,11:52PM,2020-10-28 7:11AM,2020-10-28,7:11AM,391,47,31,438,95,229,67
2020-10-29 1:00AM,2020-10-29,1:00AM,2020-10-29 9:11AM,2020-10-29,9:11AM,426,65,35,491,115,230,81
2020-10-30 12:16AM,2020-10-30,12:16AM,2020-10-30 11:45AM,2020-10-30,11:45AM,632,57,36,689,159,328,145
2020-10-31 1:43AM,2020-10-31,1:43AM,2020-10-31 9:25AM,2020-10-31,9:25AM,417,45,24,462,115,208,94
2020-11-01 1:13AM,2020-11-01,1:13AM,2020-11-01 10:42AM,2020-11-01,10:42AM,473,96,31,569,89,270,114
2020-11-01 10:10PM,2020-11-01,10:10PM,2020-11-02 6:50AM,2020-11-02,6:50AM,455,65,44,520,104,294,57
2020-11-03 11:53PM,2020-11-03,11:53PM,2020-11-04 7:23AM,2020-11-04,7:23AM,403,47,29,450,101,248,54
2020-11-03 12:10AM,2020-11-03,12:10AM,2020-11-03 8:16AM,2020-11-03,8:16AM,423,63,30,486,117,227,79
2020-11-05 12:32AM,2020-11-05,12:32AM,2020-11-05 8:56AM,2020-11-05,8:56AM,454,49,31,503,114,252,88
2020-11-06 1:12AM,2020-11-06,1:12AM,2020-11-06 9:28AM,2020-11-06,9:28AM,433,63,24,496,100,281,52
2020-11-06 10:21PM,2020-11-06,10:21PM,2020-11-07 9:55AM,2020-11-07,9:55AM,625,69,49,694,149,371,105
2020-11-08 1:48AM,2020-11-08,1:48AM,2020-11-08 9:15AM,2020-11-08,9:15AM,390,57,31,447,77,261,52
2020-11-09 1:05AM,2020-11-09,1:05AM,2020-11-09 7:28AM,2020-11-09,7:28AM,330,53,21,383,67,188,75
2020-11-10 11:30PM,2020-11-10,11:30PM,2020-11-11 7:11AM,2020-11-11,7:11AM,400,61,32,461,98,220,82
2020-11-10 12:06AM,2020-11-10,12:06AM,2020-11-10 8:57AM,2020-11-10,8:57AM,472,59,24,531,104,280,88
2020-11-12 12:44AM,2020-11-12,12:44AM,2020-11-12 9:23AM,2020-11-12,9:23AM,448,71,32,519,96,299,53
2020-11-13 11:45PM,2020-11-13,11:45PM,2020-11-14 8:45AM,2020-11-14,8:45AM,492,47,29,539,136,260,96
2020-11-13 12:56AM,2020-11-13,12:56AM,2020-11-13 8:02AM,2020-11-13,8:02AM,381,45,26,426,120,196,65
2020-11-15 12:25AM,2020-11-15,12:25AM,2020-11-15 10:18AM,2020-11-15,10:18AM,533,60,27,593,143,323,67
2020-11-16 11:55PM,2020-11-16,11:55PM,2020-11-17 6:58AM,2020-11-17,6:58AM,367,56,26,423,84,204,79
2020-11-16 12:31AM,2020-11-16,12:31AM,2020-11-16 7:24AM,2020-11-16,7:24AM,370,43,26,413,79,214,77
2020-11-18 12:39AM,2020-11-18,12:39AM,2020-11-18 7:44AM,2020-11-18,7:44AM,383,42,26,425,87,220,76
2020-11-19 1:37AM,2020-11-19,1:37AM,2020-11-19 9:05AM,2020-11-19,9:05AM,389,59,21,448,122,188,79
2020-11-20 1:31AM,2020-11-20,1:31AM,2020-11-20 9:17AM,2020-11-20,9:17AM,402,64,25,466,108,223,71
2020-11-21 1:00AM,2020-11-21,1:00AM,2020-11-21 8:51AM,2020-11-21,8:51AM,424,47,41,471,125,227,72
2020-11-22 2:17AM,2020-11-22,2:17AM,2020-11-22 8:49AM,2020-11-22,8:49AM,347,44,26,391,79,190,78
2020-11-23 12:06AM,2020-11-23,12:06AM,2020-11-23 8:27AM,2020-11-23,8:27AM,447,54,37,501,102,275,70
2020-11-24 1:29AM,2020-11-24,1:29AM,2020-11-24 8:38AM,2020-11-24,8:38AM,378,51,29,429,74,229,75
2020-11-25 12:56AM,2020-11-25,12:56AM,2020-11-25 8:34AM,2020-11-25,8:34AM,403,55,30,458,119,203,81
2020-11-26 2:19AM,2020-11-26,2:19AM,2020-11-26 9:39AM,2020-11-26,9:39AM,374,66,27,440,80,191,103
2020-11-27 12:43AM,2020-11-27,12:43AM,2020-11-27 8:21AM,2020-11-27,8:21AM,400,58,32,458,91,243,66
2020-11-27 9:36PM,2020-11-27,9:36PM,2020-11-28 8:39AM,2020-11-28,8:39AM,560,103,42,663,129,302,129
2020-11-29 2:07AM,2020-11-29,2:07AM,2020-11-29 8:27AM,2020-11-29,8:27AM,347,33,23,380,78,208,61
2020-11-30 12:29AM,2020-11-30,12:29AM,2020-11-30 7:48AM,2020-11-30,7:48AM,393,45,22,438,125,175,93
2020-12-01 11:38PM,2020-12-01,11:38PM,2020-12-02 7:43AM,2020-12-02,7:43AM,442,43,22,485,131,244,67
2020-12-01 12:56AM,2020-12-01,12:56AM,2020-12-01 7:33AM,2020-12-01,7:33AM,359,38,24,397,90,210,59
2020-12-02 9:24AM,2020-12-02,9:24AM,2020-12-02 11:24AM,2020-12-02,11:24AM,107,10,2,120,N/A,N/A,N/A
2020-12-03 1:31AM,2020-12-03,1:31AM,2020-12-03 7:39AM,2020-12-03,7:39AM,329,39,26,368,94,187,48
2020-12-03 10:01AM,2020-12-03,10:01AM,2020-12-03 11:38AM,2020-12-03,11:38AM,88,9,1,97,N/A,N/A,N/A
2020-12-03 11:06PM,2020-12-03,11:06PM,2020-12-04 7:39AM,2020-12-04,7:39AM,446,66,39,512,116,250,80
2020-12-05 1:21AM,2020-12-05,1:21AM,2020-12-05 8:41AM,2020-12-05,8:41AM,393,47,27,440,93,233,67
2020-12-06 12:31AM,2020-12-06,12:31AM,2020-12-06 8:29AM,2020-12-06,8:29AM,425,53,25,478,141,192,92
2020-12-07 11:50PM,2020-12-07,11:50PM,2020-12-08 7:45AM,2020-12-08,7:45AM,424,50,28,474,108,245,71
2020-12-07 12:59AM,2020-12-07,12:59AM,2020-12-07 7:53AM,2020-12-07,7:53AM,365,49,26,414,97,213,55
2020-12-09 1:22AM,2020-12-09,1:22AM,2020-12-09 7:52AM,2020-12-09,7:52AM,337,53,25,390,70,173,94
2020-12-09 10:41AM,2020-12-09,10:41AM,2020-12-09 11:49AM,2020-12-09,11:49AM,64,4,1,68,N/A,N/A,N/A
2020-12-10 12:03AM,2020-12-10,12:03AM,2020-12-10 10:44AM,2020-12-10,10:44AM,557,84,39,641,132,364,61
2020-12-11 3:25AM,2020-12-11,3:25AM,2020-12-11 8:08AM,2020-12-11,8:08AM,248,35,13,283,69,135,44
2020-12-12 11:26PM,2020-12-12,11:26PM,2020-12-13 8:42AM,2020-12-13,8:42AM,503,53,23,556,152,250,101
2020-12-12 2:43AM,2020-12-12,2:43AM,2020-12-12 8:27AM,2020-12-12,8:27AM,295,48,18,343,74,164,57
2020-12-14 2:26AM,2020-12-14,2:26AM,2020-12-14 10:28AM,2020-12-14,10:28AM,433,49,27,482,108,207,118
2020-12-15 1:08AM,2020-12-15,1:08AM,2020-12-15 8:37AM,2020-12-15,8:37AM,397,52,23,449,107,220,70
2020-12-15 11:33PM,2020-12-15,11:33PM,2020-12-16 8:48AM,2020-12-16,8:48AM,487,68,35,555,114,303,70
2020-12-17 3:18AM,2020-12-17,3:18AM,2020-12-17 11:36AM,2020-12-17,11:36AM,430,68,27,498,97,278,55
2020-12-18 1:12AM,2020-12-18,1:12AM,2020-12-18 8:17AM,2020-12-18,8:17AM,374,50,26,424,96,210,68
2020-12-19 12:39AM,2020-12-19,12:39AM,2020-12-19 8:15AM,2020-12-19,8:15AM,383,72,27,455,93,221,69
2020-12-20 1:17AM,2020-12-20,1:17AM,2020-12-20 9:16AM,2020-12-20,9:16AM,410,69,31,479,80,248,82
2020-12-21 1:24AM,2020-12-21,1:24AM,2020-12-21 8:41AM,2020-12-21,8:41AM,394,43,34,437,115,198,81
2020-12-22 12:50AM,2020-12-22,12:50AM,2020-12-22 8:47AM,2020-12-22,8:47AM,423,54,29,477,112,201,110
2020-12-23 1:18AM,2020-12-23,1:18AM,2020-12-23 8:48AM,2020-12-23,8:48AM,408,42,27,450,111,199,98
2020-12-23 11:18PM,2020-12-23,11:18PM,2020-12-24 8:01AM,2020-12-24,8:01AM,453,69,35,522,94,284,75
2020-12-25 11:55PM,2020-12-25,11:55PM,2020-12-26 8:33AM,2020-12-26,8:33AM,456,62,25,518,63,345,48
2020-12-25 2:10PM,2020-12-25,2:10PM,2020-12-25 3:54PM,2020-12-25,3:54PM,96,8,1,104,N/A,N/A,N/A
2020-12-25 2:18AM,2020-12-25,2:18AM,2020-12-25 10:58AM,2020-12-25,10:58AM,457,62,32,519,106,272,79
2020-12-27 1:46AM,2020-12-27,1:46AM,2020-12-27 9:21AM,2020-12-27,9:21AM,395,60,35,455,119,199,77
2020-12-28 12:46AM,2020-12-28,12:46AM,2020-12-28 9:39AM,2020-12-28,9:39AM,479,54,30,533,111,294,74
2020-12-29 1:11AM,2020-12-29,1:11AM,2020-12-29 9:46AM,2020-12-29,9:46AM,432,83,29,515,86,253,93
2020-12-30 11:28PM,2020-12-30,11:28PM,2020-12-31 9:26AM,2020-12-31,9:26AM,513,85,36,598,131,299,83
2020-12-30 12:00AM,2020-12-30,12:00AM,2020-12-30 9:29AM,2020-12-30,9:29AM,498,70,45,568,122,273,103
2020-12-31 1:15PM,2020-12-31,1:15PM,2020-12-31 4:13PM,2020-12-31,4:13PM,177,1,0,178,N/A,N/A,N/A
2021-01-01 1:33PM,2021-01-01,1:33PM,2021-01-01 3:45PM,2021-01-01,3:45PM,118,14,0,132,N/A,N/A,N/A
2021-01-02 12:17AM,2021-01-02,12:17AM,2021-01-02 10:08AM,2021-01-02,10:08AM,522,69,41,591,134,285,103
2021-01-02 9:49PM,2021-01-02,9:49PM,2021-01-02 11:59PM,2021-01-02,11:59PM,112,7,1,130,N/A,N/A,N/A
2021-01-03 2:41AM,2021-01-03,2:41AM,2021-01-03 12:03PM,2021-01-03,12:03PM,494,68,38,562,86,340,68
2021-01-04 2:41AM,2021-01-04,2:41AM,2021-01-04 10:33AM,2021-01-04,10:33AM,415,57,24,472,119,246,50
2021-01-05 12:48AM,2021-01-05,12:48AM,2021-01-05 10:18AM,2021-01-05,10:18AM,500,70,34,570,142,242,116
2021-01-07 12:24AM,2021-01-07,12:24AM,2021-01-07 7:45AM,2021-01-07,7:45AM,394,46,23,440,87,236,71
2021-01-12 12:42AM,2021-01-12,12:42AM,2021-01-12 7:43AM,2021-01-12,7:43AM,371,49,24,420,87,207,77
2021-01-13 12:42AM,2021-01-13,12:42AM,2021-01-13 10:13AM,2021-01-13,10:13AM,511,59,35,570,145,298,68
2021-01-14 12:43AM,2021-01-14,12:43AM,2021-01-14 7:51AM,2021-01-14,7:51AM,366,62,28,428,82,220,64
2021-01-15 1:16AM,2021-01-15,1:16AM,2021-01-15 10:43AM,2021-01-15,10:43AM,505,62,31,567,119,301,85
2021-01-16 2:30AM,2021-01-16,2:30AM,2021-01-16 10:39AM,2021-01-16,10:39AM,444,45,33,489,117,250,77
2021-01-19 2:42AM,2021-01-19,2:42AM,2021-01-19 7:16AM,2021-01-19,7:16AM,228,45,12,273,46,144,38
2021-01-20 3:15AM,2021-01-20,3:15AM,2021-01-20 8:34AM,2021-01-20,8:34AM,275,44,19,319,59,158,58
2021-01-21 12:11AM,2021-01-21,12:11AM,2021-01-21 8:26AM,2021-01-21,8:26AM,454,41,30,495,100,291,63
2021-01-22 12:39AM,2021-01-22,12:39AM,2021-01-22 8:38AM,2021-01-22,8:38AM,450,27,0,478,N/A,N/A,N/A
2021-01-22 9:46AM,2021-01-22,9:46AM,2021-01-22 10:59AM,2021-01-22,10:59AM,65,8,0,73,N/A,N/A,N/A
2021-01-23 12:01AM,2021-01-23,12:01AM,2021-01-23 8:18AM,2021-01-23,8:18AM,426,71,37,497,97,235,94
2021-01-24 1:12AM,2021-01-24,1:12AM,2021-01-24 10:30AM,2021-01-24,10:30AM,482,76,36,558,104,306,72
2021-01-25 2:44AM,2021-01-25,2:44AM,2021-01-25 10:26AM,2021-01-25,10:26AM,413,49,27,462,111,222,80
2021-01-26 1:55AM,2021-01-26,1:55AM,2021-01-26 7:05AM,2021-01-26,7:05AM,266,44,14,310,40,187,39
2021-01-26 11:18PM,2021-01-26,11:18PM,2021-01-27 8:51AM,2021-01-27,8:51AM,499,74,38,573,134,303,62
2021-01-27 11:47PM,2021-01-27,11:47PM,2021-01-28 6:29AM,2021-01-28,6:29AM,322,80,32,402,33,245,44
2021-01-29 2:15AM,2021-01-29,2:15AM,2021-01-29 9:04AM,2021-01-29,9:04AM,346,63,27,409,68,228,50
2021-01-30 4:48AM,2021-01-30,4:48AM,2021-01-30 8:12AM,2021-01-30,8:12AM,177,27,10,204,45,101,31
2021-02-01 12:58AM,2021-02-01,12:58AM,2021-02-01 9:19AM,2021-02-01,9:19AM,434,67,38,501,102,271,61
2021-02-02 11:48PM,2021-02-02,11:48PM,2021-02-03 8:32AM,2021-02-03,8:32AM,470,54,31,524,134,285,51
2021-02-02 12:01AM,2021-02-02,12:01AM,2021-02-02 6:58AM,2021-02-02,6:58AM,360,57,28,417,49,261,50
2021-02-04 12:04AM,2021-02-04,12:04AM,2021-02-04 7:45AM,2021-02-04,7:45AM,402,59,26,461,108,229,65
2021-02-05 12:34AM,2021-02-05,12:34AM,2021-02-05 8:50AM,2021-02-05,8:50AM,440,56,35,496,116,226,98
2021-02-06 4:38AM,2021-02-06,4:38AM,2021-02-06 11:02AM,2021-02-06,11:02AM,336,47,19,383,77,195,64
2021-02-07 1:35AM,2021-02-07,1:35AM,2021-02-07 11:29AM,2021-02-07,11:29AM,515,79,35,594,135,308,72
2021-02-08 1:34AM,2021-02-08,1:34AM,2021-02-08 10:03AM,2021-02-08,10:03AM,438,71,41,509,64,293,81
2021-02-09 11:35PM,2021-02-09,11:35PM,2021-02-10 7:32AM,2021-02-10,7:32AM,427,50,24,477,91,281,55
2021-02-09 3:45AM,2021-02-09,3:45AM,2021-02-09 6:59AM,2021-02-09,6:59AM,169,25,11,194,13,126,30
2021-02-11 12:30AM,2021-02-11,12:30AM,2021-02-11 7:14AM,2021-02-11,7:14AM,359,45,29,404,63,231,65
2021-02-12 12:58AM,2021-02-12,12:58AM,2021-02-12 9:04AM,2021-02-12,9:04AM,426,60,17,486,124,211,91
2021-02-13 11:43PM,2021-02-13,11:43PM,2021-02-14 9:27AM,2021-02-14,9:27AM,518,65,35,583,125,273,120
2021-02-13 3:59AM,2021-02-13,3:59AM,2021-02-13 10:00AM,2021-02-13,10:00AM,303,58,16,361,17,252,34
2021-02-15 11:06PM,2021-02-15,11:06PM,2021-02-16 7:14AM,2021-02-16,7:14AM,430,57,31,487,99,246,85
2021-02-15 3:06AM,2021-02-15,3:06AM,2021-02-15 8:52AM,2021-02-15,8:52AM,312,34,19,346,74,165,73
2021-02-17 1:17AM,2021-02-17,1:17AM,2021-02-17 10:07AM,2021-02-17,10:07AM,478,52,29,530,124,241,113
2021-02-18 3:23AM,2021-02-18,3:23AM,2021-02-18 9:53AM,2021-02-18,9:53AM,349,41,20,390,114,154,81
2021-02-19 10:17PM,2021-02-19,10:17PM,2021-02-20 7:33AM,2021-02-20,7:33AM,473,82,31,555,116,258,99
2021-02-19 12:46AM,2021-02-19,12:46AM,2021-02-19 8:40AM,2021-02-19,8:40AM,425,49,27,474,68,255,102
2021-02-21 2:54AM,2021-02-21,2:54AM,2021-02-21 10:45AM,2021-02-21,10:45AM,427,44,30,471,99,237,91
2021-02-22 10:43PM,2021-02-22,10:43PM,2021-02-23 7:10AM,2021-02-23,7:10AM,456,51,37,507,81,319,56
2021-02-22 12:24AM,2021-02-22,12:24AM,2021-02-22 8:55AM,2021-02-22,8:55AM,458,53,36,511,104,262,92
2021-02-24 1:36AM,2021-02-24,1:36AM,2021-02-24 10:26AM,2021-02-24,10:26AM,470,60,29,530,119,269,82
2021-02-24 11:53PM,2021-02-24,11:53PM,2021-02-25 6:58AM,2021-02-25,6:58AM,383,42,31,425,89,221,73
2021-02-25 11:11PM,2021-02-25,11:11PM,2021-02-26 8:49AM,2021-02-26,8:49AM,524,54,44,578,149,260,115
2021-02-27 1:35AM,2021-02-27,1:35AM,2021-02-27 9:18AM,2021-02-27,9:18AM,421,42,33,463,99,209,113
2021-02-28 3:09AM,2021-02-28,3:09AM,2021-02-28 8:16AM,2021-02-28,8:16AM,278,29,15,307,42,181,55
2021-03-01 2:08AM,2021-03-01,2:08AM,2021-03-01 10:45AM,2021-03-01,10:45AM,456,61,35,517,93,273,90
2021-03-02 1:52AM,2021-03-02,1:52AM,2021-03-02 7:52AM,2021-03-02,7:52AM,321,39,21,360,34,236,51
2021-03-03 12:44AM,2021-03-03,12:44AM,2021-03-03 10:09AM,2021-03-03,10:09AM,507,58,28,565,58,359,90
2021-03-04 12:15AM,2021-03-04,12:15AM,2021-03-04 6:47AM,2021-03-04,6:47AM,341,51,29,392,77,206,58
2021-03-05 12:19AM,2021-03-05,12:19AM,2021-03-05 7:39AM,2021-03-05,7:39AM,416,24,25,440,121,209,86
2021-03-06 1:32AM,2021-03-06,1:32AM,2021-03-06 10:38AM,2021-03-06,10:38AM,481,65,29,546,110,252,119
2021-03-07 11:45PM,2021-03-07,11:45PM,2021-03-08 7:48AM,2021-03-08,7:48AM,442,41,26,483,98,254,90
2021-03-09 2:04AM,2021-03-09,2:04AM,2021-03-09 7:38AM,2021-03-09,7:38AM,298,35,17,333,58,163,77
2021-03-10 12:54AM,2021-03-10,12:54AM,2021-03-10 9:39AM,2021-03-10,9:39AM,478,47,30,525,92,305,81
2021-03-11 1:16AM,2021-03-11,1:16AM,2021-03-11 7:54AM,2021-03-11,7:54AM,355,42,24,397,54,204,97
2021-03-11 11:46PM,2021-03-11,11:46PM,2021-03-12 8:42AM,2021-03-12,8:42AM,481,55,31,536,90,322,69
2021-03-13 4:40AM,2021-03-13,4:40AM,2021-03-13 10:44AM,2021-03-13,10:44AM,331,32,20,363,62,181,88
2021-03-14 5:09AM,2021-03-14,5:09AM,2021-03-14 9:45AM,2021-03-14,9:45AM,244,32,16,276,50,141,53
2021-03-15 1:47AM,2021-03-15,1:47AM,2021-03-15 10:30AM,2021-03-15,10:30AM,435,87,26,522,91,290,54
2021-03-16 1:34AM,2021-03-16,1:34AM,2021-03-16 8:14AM,2021-03-16,8:14AM,367,33,27,400,88,197,82
2021-03-17 1:58AM,2021-03-17,1:58AM,2021-03-17 8:24AM,2021-03-17,8:24AM,335,51,17,386,57,225,53
2021-03-18 2:35AM,2021-03-18,2:35AM,2021-03-18 9:33AM,2021-03-18,9:33AM,386,32,20,418,122,174,90
2021-03-19 12:38AM,2021-03-19,12:38AM,2021-03-19 10:43AM,2021-03-19,10:43AM,544,61,34,605,115,317,112
2021-03-20 1:25AM,2021-03-20,1:25AM,2021-03-20 8:35AM,2021-03-20,8:35AM,370,60,25,430,93,177,100
2021-03-21 12:41AM,2021-03-21,12:41AM,2021-03-21 8:34AM,2021-03-21,8:34AM,437,36,30,473,103,259,75
2021-03-22 12:10AM,2021-03-22,12:10AM,2021-03-22 8:42AM,2021-03-22,8:42AM,451,61,31,512,94,288,69
2021-03-23 2:02AM,2021-03-23,2:02AM,2021-03-23 7:33AM,2021-03-23,7:33AM,290,41,17,331,55,168,67
2021-03-23 9:26AM,2021-03-23,9:26AM,2021-03-23 10:26AM,2021-03-23,10:26AM,53,6,1,60,N/A,N/A,N/A
2021-03-24 12:47AM,2021-03-24,12:47AM,2021-03-24 9:14AM,2021-03-24,9:14AM,444,63,32,507,93,299,52
2021-03-25 12:53AM,2021-03-25,12:53AM,2021-03-25 7:55AM,2021-03-25,7:55AM,369,53,21,422,107,150,112
2021-03-25 9:14AM,2021-03-25,9:14AM,2021-03-25 10:26AM,2021-03-25,10:26AM,69,2,0,72,N/A,N/A,N/A
2021-03-26 12:46AM,2021-03-26,12:46AM,2021-03-26 9:12AM,2021-03-26,9:12AM,459,46,36,505,99,235,125
2021-03-27 12:56AM,2021-03-27,12:56AM,2021-03-27 8:33AM,2021-03-27,8:33AM,404,53,25,457,106,225,73
2021-03-28 1:47AM,2021-03-28,1:47AM,2021-03-28 8:36AM,2021-03-28,8:36AM,374,35,24,409,102,176,96
2021-03-28 11:44PM,2021-03-28,11:44PM,2021-03-29 9:15AM,2021-03-29,9:15AM,506,65,36,571,152,262,92
2021-03-30 1:47AM,2021-03-30,1:47AM,2021-03-30 8:39AM,2021-03-30,8:39AM,365,47,27,412,103,150,112
2021-03-31 1:02AM,2021-03-31,1:02AM,2021-03-31 8:25AM,2021-03-31,8:25AM,388,54,29,442,82,188,118
2021-03-31 11:31PM,2021-03-31,11:31PM,2021-04-01 8:54AM,2021-04-01,8:54AM,487,76,24,563,105,324,58
2021-04-02 1:12AM,2021-04-02,1:12AM,2021-04-02 10:06AM,2021-04-02,10:06AM,455,79,31,534,69,277,109
2021-04-03 12:30AM,2021-04-03,12:30AM,2021-04-03 8:16AM,2021-04-03,8:16AM,406,60,35,466,76,269,61
2021-04-04 12:37AM,2021-04-04,12:37AM,2021-04-04 8:54AM,2021-04-04,8:54AM,450,47,26,497,143,214,93
2021-04-05 2:07AM,2021-04-05,2:07AM,2021-04-05 11:41AM,2021-04-05,11:41AM,490,84,28,574,93,305,92
2021-04-06 11:44PM,2021-04-06,11:44PM,2021-04-07 9:05AM,2021-04-07,9:05AM,482,79,29,561,134,262,86
2021-04-06 12:35AM,2021-04-06,12:35AM,2021-04-06 7:51AM,2021-04-06,7:51AM,370,66,27,436,114,173,83
2021-04-08 1:38AM,2021-04-08,1:38AM,2021-04-08 7:52AM,2021-04-08,7:52AM,314,60,21,374,56,188,70
2021-04-08 10:28AM,2021-04-08,10:28AM,2021-04-08 11:48AM,2021-04-08,11:48AM,70,10,0,80,N/A,N/A,N/A
2021-04-09 12:23AM,2021-04-09,12:23AM,2021-04-09 8:00AM,2021-04-09,8:00AM,396,60,25,456,69,241,86
2021-04-10 1:28AM,2021-04-10,1:28AM,2021-04-10 7:56AM,2021-04-10,7:56AM,351,37,19,388,82,195,74
2021-04-11 10:56PM,2021-04-11,10:56PM,2021-04-12 8:31AM,2021-04-12,8:31AM,514,61,41,575,121,311,82
2021-04-11 2:17AM,2021-04-11,2:17AM,2021-04-11 10:44AM,2021-04-11,10:44AM,454,53,26,507,132,220,102
2021-04-13 1:42AM,2021-04-13,1:42AM,2021-04-13 7:29AM,2021-04-13,7:29AM,306,40,23,346,68,161,77
2021-04-14 1:00AM,2021-04-14,1:00AM,2021-04-14 9:45AM,2021-04-14,9:45AM,466,59,28,525,106,305,55
2021-04-15 1:45AM,2021-04-15,1:45AM,2021-04-15 7:49AM,2021-04-15,7:49AM,326,38,23,364,90,177,59
2021-04-16 2:02AM,2021-04-16,2:02AM,2021-04-16 10:09AM,2021-04-16,10:09AM,413,74,23,487,95,249,69
2021-04-17 12:28AM,2021-04-17,12:28AM,2021-04-17 10:41AM,2021-04-17,10:41AM,540,73,41,613,163,259,118
2021-04-18 1:51AM,2021-04-18,1:51AM,2021-04-18 1:09PM,2021-04-18,1:09PM,581,97,31,678,102,366,113
2021-04-19 1:21AM,2021-04-19,1:21AM,2021-04-19 10:10AM,2021-04-19,10:10AM,455,74,36,529,80,308,67
2021-04-20 12:25AM,2021-04-20,12:25AM,2021-04-20 6:54AM,2021-04-20,6:54AM,348,41,21,389,62,208,78
2021-04-21 1:01AM,2021-04-21,1:01AM,2021-04-21 10:10AM,2021-04-21,10:10AM,497,52,25,549,108,299,90
2021-04-22 10:46AM,2021-04-22,10:46AM,2021-04-22 12:35PM,2021-04-22,12:35PM,104,5,1,109,N/A,N/A,N/A
2021-04-22 11:12PM,2021-04-22,11:12PM,2021-04-23 9:05AM,2021-04-23,9:05AM,521,72,46,593,99,329,93
2021-04-22 12:43AM,2021-04-22,12:43AM,2021-04-22 7:58AM,2021-04-22,7:58AM,381,54,27,435,93,225,63
2021-04-24 1:48AM,2021-04-24,1:48AM,2021-04-24 9:20AM,2021-04-24,9:20AM,403,48,28,451,109,211,83
2021-04-25 3:16AM,2021-04-25,3:16AM,2021-04-25 11:08AM,2021-04-25,11:08AM,424,48,32,472,105,244,75
2021-04-26 12:49AM,2021-04-26,12:49AM,2021-04-26 9:48AM,2021-04-26,9:48AM,456,83,40,539,95,272,89
2021-04-27 1:41AM,2021-04-27,1:41AM,2021-04-27 10:08AM,2021-04-27,10:08AM,447,59,30,506,73,299,75
2021-04-28 1:43AM,2021-04-28,1:43AM,2021-04-28 10:24AM,2021-04-28,10:24AM,465,56,30,521,102,294,69
2021-04-29 12:37AM,2021-04-29,12:37AM,2021-04-29 10:16AM,2021-04-29,10:16AM,506,73,33,579,123,329,54
2021-04-30 1:02AM,2021-04-30,1:02AM,2021-04-30 10:39AM,2021-04-30,10:39AM,514,63,32,577,141,285,88
2021-05-01 12:31AM,2021-05-01,12:31AM,2021-05-01 10:45AM,2021-05-01,10:45AM,522,92,40,614,121,291,110
2021-05-02 3:33AM,2021-05-02,3:33AM,2021-05-02 12:24PM,2021-05-02,12:24PM,467,64,40,531,60,274,133
2021-05-03 2:20AM,2021-05-03,2:20AM,2021-05-03 6:28AM,2021-05-03,6:28AM,218,30,13,248,33,157,28
2021-05-03 7:54AM,2021-05-03,7:54AM,2021-05-03 9:37AM,2021-05-03,9:37AM,99,3,0,102,N/A,N/A,N/A
2021-05-04 12:07AM,2021-05-04,12:07AM,2021-05-04 7:19AM,2021-05-04,7:19AM,385,46,33,431,81,255,49
2021-05-05 11:48PM,2021-05-05,11:48PM,2021-05-06 8:54AM,2021-05-06,8:54AM,501,42,1,546,N/A,N/A,N/A
2021-05-05 12:19AM,2021-05-05,12:19AM,2021-05-05 7:22AM,2021-05-05,7:22AM,375,47,27,422,87,212,76
2021-05-07 1:05AM,2021-05-07,1:05AM,2021-05-07 7:57AM,2021-05-07,7:57AM,353,58,17,411,99,181,73
2021-05-08 11:59PM,2021-05-08,11:59PM,2021-05-09 9:00AM,2021-05-09,9:00AM,483,58,36,541,107,290,86
2021-05-08 12:21AM,2021-05-08,12:21AM,2021-05-08 8:21AM,2021-05-08,8:21AM,426,54,28,480,89,261,76
2021-05-09 11:39PM,2021-05-09,11:39PM,2021-05-10 7:13AM,2021-05-10,7:13AM,396,58,27,454,84,227,85
2021-05-11 12:18AM,2021-05-11,12:18AM,2021-05-11 6:51AM,2021-05-11,6:51AM,341,52,23,393,72,216,53
2021-05-12 1:50AM,2021-05-12,1:50AM,2021-05-12 10:17AM,2021-05-12,10:17AM,444,63,35,507,91,273,80
2021-05-13 12:18AM,2021-05-13,12:18AM,2021-05-13 7:11AM,2021-05-13,7:11AM,342,70,24,412,58,188,96
2021-05-14 12:08AM,2021-05-14,12:08AM,2021-05-14 10:43AM,2021-05-14,10:43AM,546,89,32,635,123,324,99
2021-05-15 12:21AM,2021-05-15,12:21AM,2021-05-15 10:06AM,2021-05-15,10:06AM,538,47,35,585,191,248,99
2021-05-16 3:44AM,2021-05-16,3:44AM,2021-05-16 9:26AM,2021-05-16,9:26AM,303,38,22,341,58,204,41
2021-05-17 12:01AM,2021-05-17,12:01AM,2021-05-17 9:15AM,2021-05-17,9:15AM,490,64,38,554,102,273,115
2021-05-18 12:34AM,2021-05-18,12:34AM,2021-05-18 9:04AM,2021-05-18,9:04AM,431,79,28,510,80,249,102
2021-05-19 3:07AM,2021-05-19,3:07AM,2021-05-19 11:33AM,2021-05-19,11:33AM,397,108,16,505,69,272,56
2021-05-20 2:47AM,2021-05-20,2:47AM,2021-05-20 8:03AM,2021-05-20,8:03AM,269,47,13,316,24,215,30
2021-05-21 3:48AM,2021-05-21,3:48AM,2021-05-21 6:28AM,2021-05-21,6:28AM,152,8,1,160,N/A,N/A,N/A
2021-05-23 10:58PM,2021-05-23,10:58PM,2021-05-24 6:50AM,2021-05-24,6:50AM,408,64,32,472,98,212,98
2021-05-23 12:45AM,2021-05-23,12:45AM,2021-05-23 10:23AM,2021-05-23,10:23AM,515,63,39,578,141,295,79
2021-05-24 11:27PM,2021-05-24,11:27PM,2021-05-25 9:13AM,2021-05-25,9:13AM,511,75,45,586,122,287,102
2021-05-26 1:24AM,2021-05-26,1:24AM,2021-05-26 9:17AM,2021-05-26,9:17AM,425,47,29,472,109,203,113
2021-05-26 10:15PM,2021-05-26,10:15PM,2021-05-27 9:15AM,2021-05-27,9:15AM,573,87,42,660,156,325,92
2021-05-28 1:16AM,2021-05-28,1:16AM,2021-05-28 3:45AM,2021-05-28,3:45AM,141,8,0,149,N/A,N/A,N/A
2021-05-28 5:07AM,2021-05-28,5:07AM,2021-05-28 7:06AM,2021-05-28,7:06AM,114,3,0,119,N/A,N/A,N/A
2021-05-29 2:45AM,2021-05-29,2:45AM,2021-05-29 8:43AM,2021-05-29,8:43AM,321,37,16,358,69,191,61
2021-05-30 1:14AM,2021-05-30,1:14AM,2021-05-30 11:08AM,2021-05-30,11:08AM,518,76,29,594,101,295,122
2021-05-31 6:37AM,2021-05-31,6:37AM,2021-05-31 9:43AM,2021-05-31,9:43AM,164,21,15,185,11,129,24
2021-06-01 12:01AM,2021-06-01,12:01AM,2021-06-01 12:02PM,2021-06-01,12:02PM,610,111,35,721,152,376,82
2021-06-02 3:00PM,2021-06-02,3:00PM,2021-06-02 6:17PM,2021-06-02,6:17PM,165,32,13,197,0,137,28
2021-06-03 11:51PM,2021-06-03,11:51PM,2021-06-04 10:19AM,2021-06-04,10:19AM,547,81,44,628,106,359,82
2021-06-03 12:10AM,2021-06-03,12:10AM,2021-06-03 10:00AM,2021-06-03,10:00AM,505,85,44,590,92,351,62
2021-06-06 12:09AM,2021-06-06,12:09AM,2021-06-06 7:18AM,2021-06-06,7:18AM,368,61,28,429,81,203,84
2021-06-07 1:36AM,2021-06-07,1:36AM,2021-06-07 6:22AM,2021-06-07,6:22AM,253,33,13,286,43,142,68
2021-06-07 11:38PM,2021-06-07,11:38PM,2021-06-08 9:10AM,2021-06-08,9:10AM,481,91,43,572,88,346,47
2021-06-08 11:38PM,2021-06-08,11:38PM,2021-06-09 9:09AM,2021-06-09,9:09AM,512,59,46,571,114,298,100
2021-06-10 11:57PM,2021-06-10,11:57PM,2021-06-11 9:49AM,2021-06-11,9:49AM,512,80,42,592,82,335,95
2021-06-10 12:30AM,2021-06-10,12:30AM,2021-06-10 10:24AM,2021-06-10,10:24AM,523,71,42,594,119,294,110
2021-06-12 1:58AM,2021-06-12,1:58AM,2021-06-12 8:50AM,2021-06-12,8:50AM,355,57,23,412,94,182,79
2021-06-13 3:40AM,2021-06-13,3:40AM,2021-06-13 10:45AM,2021-06-13,10:45AM,385,40,24,425,101,205,79
2021-06-14 1:21AM,2021-06-14,1:21AM,2021-06-14 6:39AM,2021-06-14,6:39AM,284,34,12,318,48,176,60
2021-06-15 2:19AM,2021-06-15,2:19AM,2021-06-15 10:17AM,2021-06-15,10:17AM,407,71,24,478,76,228,103
2021-06-16 11:17AM,2021-06-16,11:17AM,2021-06-16 4:00PM,2021-06-16,4:00PM,239,44,16,283,41,142,56
2021-06-16 12:30AM,2021-06-16,12:30AM,2021-06-16 1:57AM,2021-06-16,1:57AM,83,4,1,87,N/A,N/A,N/A
2021-06-17 4:06AM,2021-06-17,4:06AM,2021-06-17 11:07AM,2021-06-17,11:07AM,380,41,21,421,91,219,70
2021-06-18 2:47AM,2021-06-18,2:47AM,2021-06-18 9:16AM,2021-06-18,9:16AM,347,41,18,388,80,186,81
2021-06-19 2:24AM,2021-06-19,2:24AM,2021-06-19 10:27AM,2021-06-19,10:27AM,418,65,21,483,65,295,58
2021-06-20 1:44AM,2021-06-20,1:44AM,2021-06-20 11:06AM,2021-06-20,11:06AM,458,104,26,562,63,302,93
2021-06-22 1:14AM,2021-06-22,1:14AM,2021-06-22 12:13PM,2021-06-22,12:13PM,580,78,45,658,135,354,91
2021-06-23 3:27AM,2021-06-23,3:27AM,2021-06-23 8:15AM,2021-06-23,8:15AM,244,44,19,288,21,176,47
2021-06-24 1:06AM,2021-06-24,1:06AM,2021-06-24 2:04PM,2021-06-24,2:04PM,693,84,38,777,154,425,114
2021-06-25 2:10AM,2021-06-25,2:10AM,2021-06-25 11:39AM,2021-06-25,11:39AM,499,70,35,569,112,296,91
2021-06-26 3:46AM,2021-06-26,3:46AM,2021-06-26 12:03PM,2021-06-26,12:03PM,412,84,19,496,45,256,111
2021-06-27 2:20AM,2021-06-27,2:20AM,2021-06-27 2:10PM,2021-06-27,2:10PM,629,81,45,710,159,347,123
2021-06-28 2:31AM,2021-06-28,2:31AM,2021-06-28 10:15AM,2021-06-28,10:15AM,395,69,33,464,60,264,71
2021-06-29 2:15AM,2021-06-29,2:15AM,2021-06-29 7:08AM,2021-06-29,7:08AM,246,47,17,293,52,160,34
2021-06-29 4:03PM,2021-06-29,4:03PM,2021-06-29 7:33PM,2021-06-29,7:33PM,183,27,12,210,41,105,37
2021-06-30 2:09AM,2021-06-30,2:09AM,2021-06-30 10:45AM,2021-06-30,10:45AM,465,51,34,516,106,298,61
2021-07-01 1:05AM,2021-07-01,1:05AM,2021-07-01 10:13AM,2021-07-01,10:13AM,484,64,32,548,114,251,119
2021-07-02 1:16AM,2021-07-02,1:16AM,2021-07-02 8:14AM,2021-07-02,8:14AM,374,44,21,418,64,244,66
2021-07-05 11:49PM,2021-07-05,11:49PM,2021-07-06 8:13AM,2021-07-06,8:13AM,453,51,37,504,103,252,98
2021-07-05 12:33AM,2021-07-05,12:33AM,2021-07-05 9:28AM,2021-07-05,9:28AM,456,79,49,535,90,282,84
2021-07-06 11:38PM,2021-07-06,11:38PM,2021-07-07 9:04AM,2021-07-07,9:04AM,501,65,36,566,133,246,122
2021-07-08 1:25AM,2021-07-08,1:25AM,2021-07-08 9:18AM,2021-07-08,9:18AM,418,55,23,473,92,242,84
2021-07-09 11:46PM,2021-07-09,11:46PM,2021-07-10 9:00AM,2021-07-10,9:00AM,494,60,35,554,128,278,88
2021-07-09 12:16AM,2021-07-09,12:16AM,2021-07-09 8:29AM,2021-07-09,8:29AM,431,62,29,493,94,223,114
2021-07-10 11:14PM,2021-07-10,11:14PM,2021-07-11 9:03AM,2021-07-11,9:03AM,517,72,45,589,120,291,106
2021-07-11 11:22PM,2021-07-11,11:22PM,2021-07-12 8:45AM,2021-07-12,8:45AM,462,101,38,563,103,262,97
2021-07-12 11:27PM,2021-07-12,11:27PM,2021-07-13 9:09AM,2021-07-13,9:09AM,466,116,35,582,102,261,103
2021-07-15 2:36AM,2021-07-15,2:36AM,2021-07-15 7:40AM,2021-07-15,7:40AM,260,44,14,304,62,135,63
2021-07-15 9:02AM,2021-07-15,9:02AM,2021-07-15 10:34AM,2021-07-15,10:34AM,88,4,0,92,N/A,N/A,N/A
2021-07-16 5:19AM,2021-07-16,5:19AM,2021-07-16 11:22AM,2021-07-16,11:22AM,323,40,18,363,67,166,90
2021-07-17 3:31AM,2021-07-17,3:31AM,2021-07-17 10:32AM,2021-07-17,10:32AM,359,62,25,421,86,209,64
2021-07-18 1:40AM,2021-07-18,1:40AM,2021-07-18 10:44AM,2021-07-18,10:44AM,453,91,36,544,77,263,113
2021-07-19 2:27AM,2021-07-19,2:27AM,2021-07-19 1:32PM,2021-07-19,1:32PM,583,82,4,665,N/A,N/A,N/A
2021-07-20 1:02AM,2021-07-20,1:02AM,2021-07-20 11:27AM,2021-07-20,11:27AM,539,85,39,624,91,342,106
2021-07-22 12:36AM,2021-07-22,12:36AM,2021-07-22 12:51PM,2021-07-22,12:51PM,644,90,54,734,141,390,113
2021-07-23 2:00AM,2021-07-23,2:00AM,2021-07-23 8:38AM,2021-07-23,8:38AM,344,54,38,398,66,230,48
2021-07-24 3:51AM,2021-07-24,3:51AM,2021-07-24 10:10AM,2021-07-24,10:10AM,306,73,24,379,42,236,28
2021-07-25 1:54AM,2021-07-25,1:54AM,2021-07-25 9:56AM,2021-07-25,9:56AM,403,79,34,482,82,235,86
2021-07-25 11:09AM,2021-07-25,11:09AM,2021-07-25 12:58PM,2021-07-25,12:58PM,91,17,0,108,N/A,N/A,N/A
2021-07-27 12:17AM,2021-07-27,12:17AM,2021-07-27 10:37AM,2021-07-27,10:37AM,546,74,44,620,111,361,74
2021-07-28 4:12PM,2021-07-28,4:12PM,2021-07-28 5:41PM,2021-07-28,5:41PM,86,2,0,88,N/A,N/A,N/A
2021-07-28 6:34AM,2021-07-28,6:34AM,2021-07-28 10:15AM,2021-07-28,10:15AM,187,33,11,220,26,133,28
2021-07-29 1:40AM,2021-07-29,1:40AM,2021-07-29 8:59AM,2021-07-29,8:59AM,396,42,27,438,110,206,80
2021-07-30 3:43AM,2021-07-30,3:43AM,2021-07-30 5:02AM,2021-07-30,5:02AM,76,2,0,78,N/A,N/A,N/A
2021-07-30 6:16PM,2021-07-30,6:16PM,2021-07-30 7:21PM,2021-07-30,7:21PM,63,1,0,64,N/A,N/A,N/A
2021-07-31 1:33AM,2021-07-31,1:33AM,2021-07-31 3:32AM,2021-07-31,3:32AM,109,9,1,118,N/A,N/A,N/A
2021-07-31 3:40PM,2021-07-31,3:40PM,2021-08-01 12:09AM,2021-08-01,12:09AM,433,75,27,508,89,253,91
2021-08-01 11:20PM,2021-08-01,11:20PM,2021-08-02 2:49PM,2021-08-02,2:49PM,813,115,56,928,201,474,138
2021-08-01 3:50AM,2021-08-01,3:50AM,2021-08-01 6:59AM,2021-08-01,6:59AM,171,18,4,189,20,84,67
2021-08-03 3:04AM,2021-08-03,3:04AM,2021-08-03 6:06AM,2021-08-03,6:06AM,156,26,12,182,28,109,19
2021-08-04 1:27AM,2021-08-04,1:27AM,2021-08-04 6:42AM,2021-08-04,6:42AM,257,58,24,315,35,171,51
2021-08-04 11:30PM,2021-08-04,11:30PM,2021-08-05 6:43AM,2021-08-05,6:43AM,371,61,27,432,66,233,72
2021-08-05 10:26PM,2021-08-05,10:26PM,2021-08-06 6:58AM,2021-08-06,6:58AM,450,62,42,512,106,239,105
2021-08-07 2:03AM,2021-08-07,2:03AM,2021-08-07 11:29AM,2021-08-07,11:29AM,517,49,29,566,130,268,119
2021-08-08 1:57AM,2021-08-08,1:57AM,2021-08-08 9:19AM,2021-08-08,9:19AM,391,51,23,442,102,178,111
2021-08-09 1:53AM,2021-08-09,1:53AM,2021-08-09 6:58AM,2021-08-09,6:58AM,277,27,16,304,68,151,58
2021-08-09 10:58PM,2021-08-09,10:58PM,2021-08-10 7:12AM,2021-08-10,7:12AM,441,53,24,494,85,263,93
2021-08-11 12:00AM,2021-08-11,12:00AM,2021-08-11 9:51AM,2021-08-11,9:51AM,520,71,31,591,107,296,117
2021-08-12 10:36PM,2021-08-12,10:36PM,2021-08-13 6:53AM,2021-08-13,6:53AM,454,43,29,497,109,251,94
2021-08-12 12:21AM,2021-08-12,12:21AM,2021-08-12 7:02AM,2021-08-12,7:02AM,357,44,18,401,74,185,98
2021-08-14 12:57AM,2021-08-14,12:57AM,2021-08-14 12:00PM,2021-08-14,12:00PM,591,71,32,662,131,365,95
2021-08-15 2:29AM,2021-08-15,2:29AM,2021-08-15 11:39AM,2021-08-15,11:39AM,466,84,32,550,92,300,74
2021-08-16 12:56AM,2021-08-16,12:56AM,2021-08-16 7:07AM,2021-08-16,7:07AM,318,53,20,371,59,191,68
2021-08-17 1:32AM,2021-08-17,1:32AM,2021-08-17 7:29AM,2021-08-17,7:29AM,306,51,17,357,72,185,49
2021-08-17 11:24PM,2021-08-17,11:24PM,2021-08-18 7:18AM,2021-08-18,7:18AM,420,54,23,474,100,214,106
2021-08-18 11:44PM,2021-08-18,11:44PM,2021-08-19 7:30AM,2021-08-19,7:30AM,412,54,27,466,118,228,66
2021-08-19 11:39PM,2021-08-19,11:39PM,2021-08-20 7:40AM,2021-08-20,7:40AM,435,46,26,481,95,265,75
2021-08-21 2:58AM,2021-08-21,2:58AM,2021-08-21 10:04AM,2021-08-21,10:04AM,372,54,19,426,65,204,103
2021-08-22 12:45AM,2021-08-22,12:45AM,2021-08-22 7:25AM,2021-08-22,7:25AM,354,46,16,400,96,171,87
2021-08-23 1:08AM,2021-08-23,1:08AM,2021-08-23 6:42AM,2021-08-23,6:42AM,299,35,12,334,66,150,83
2021-08-23 6:15PM,2021-08-23,6:15PM,2021-08-23 8:39PM,2021-08-23,8:39PM,140,4,0,144,N/A,N/A,N/A
2021-08-24 11:18PM,2021-08-24,11:18PM,2021-08-25 8:43AM,2021-08-25,8:43AM,484,80,32,564,120,282,82
2021-08-24 12:56AM,2021-08-24,12:56AM,2021-08-24 7:19AM,2021-08-24,7:19AM,349,34,22,383,94,215,40
2021-08-25 11:13PM,2021-08-25,11:13PM,2021-08-26 8:13AM,2021-08-26,8:13AM,491,49,29,540,82,309,100
2021-08-27 1:17AM,2021-08-27,1:17AM,2021-08-27 6:48AM,2021-08-27,6:48AM,302,29,24,331,64,203,35
2021-08-28 11:11PM,2021-08-28,11:11PM,2021-08-29 11:26AM,2021-08-29,11:26AM,639,96,42,735,167,338,134
2021-08-28 12:43AM,2021-08-28,12:43AM,2021-08-28 10:34AM,2021-08-28,10:34AM,523,68,31,591,133,297,93
2021-08-30 12:55AM,2021-08-30,12:55AM,2021-08-30 7:47AM,2021-08-30,7:47AM,367,45,25,412,60,231,76
2021-08-31 12:21AM,2021-08-31,12:21AM,2021-08-31 9:59AM,2021-08-31,9:59AM,511,67,38,578,102,336,73
2021-09-01 1:39AM,2021-09-01,1:39AM,2021-09-01 7:37AM,2021-09-01,7:37AM,317,41,23,358,54,167,96
2021-09-02 1:13AM,2021-09-02,1:13AM,2021-09-02 11:09AM,2021-09-02,11:09AM,523,73,31,596,134,284,105
2021-09-02 11:41PM,2021-09-02,11:41PM,2021-09-03 7:07AM,2021-09-03,7:07AM,397,49,30,446,88,233,76
2021-09-04 12:07AM,2021-09-04,12:07AM,2021-09-04 10:07AM,2021-09-04,10:07AM,525,75,39,600,130,286,109
2021-09-05 1:13AM,2021-09-05,1:13AM,2021-09-05 11:06AM,2021-09-05,11:06AM,519,74,35,593,116,313,90
2021-09-05 11:31PM,2021-09-05,11:31PM,2021-09-06 7:30AM,2021-09-06,7:30AM,416,63,36,479,100,220,96
2021-09-07 1:25AM,2021-09-07,1:25AM,2021-09-07 9:43AM,2021-09-07,9:43AM,431,67,34,498,87,213,131
2021-09-08 3:41AM,2021-09-08,3:41AM,2021-09-08 8:07AM,2021-09-08,8:07AM,228,38,15,266,27,142,59
2021-09-09 12:56AM,2021-09-09,12:56AM,2021-09-09 10:23AM,2021-09-09,10:23AM,510,57,24,567,137,246,127
2021-09-10 1:28AM,2021-09-10,1:28AM,2021-09-10 7:09AM,2021-09-10,7:09AM,310,31,15,341,40,188,82
2021-09-11 4:19AM,2021-09-11,4:19AM,2021-09-11 12:27PM,2021-09-11,12:27PM,434,54,27,488,104,212,118
2021-09-12 1:31AM,2021-09-12,1:31AM,2021-09-12 9:48AM,2021-09-12,9:48AM,437,60,24,497,121,229,87
2021-09-12 11:54PM,2021-09-12,11:54PM,2021-09-13 7:46AM,2021-09-13,7:46AM,418,54,26,472,97,239,82
2021-09-12 3:54PM,2021-09-12,3:54PM,2021-09-12 5:47PM,2021-09-12,5:47PM,101,12,2,113,N/A,N/A,N/A
2021-09-14 12:35AM,2021-09-14,12:35AM,2021-09-14 8:29AM,2021-09-14,8:29AM,416,57,27,473,97,250,69
2021-09-15 2:08AM,2021-09-15,2:08AM,2021-09-15 7:43AM,2021-09-15,7:43AM,293,42,22,335,45,181,67
2021-09-16 11:42PM,2021-09-16,11:42PM,2021-09-17 7:10AM,2021-09-17,7:10AM,404,44,24,448,89,241,74
2021-09-16 12:43AM,2021-09-16,12:43AM,2021-09-16 7:38AM,2021-09-16,7:38AM,362,52,20,414,73,228,61
2021-09-18 3:39AM,2021-09-18,3:39AM,2021-09-18 12:08PM,2021-09-18,12:08PM,443,66,22,509,119,239,85
2021-09-19 2:49AM,2021-09-19,2:49AM,2021-09-19 11:26AM,2021-09-19,11:26AM,451,66,38,517,102,276,73
2021-09-20 10:17PM,2021-09-20,10:17PM,2021-09-21 6:03AM,2021-09-21,6:03AM,397,69,29,466,73,245,79
2021-09-20 12:40AM,2021-09-20,12:40AM,2021-09-20 7:54AM,2021-09-20,7:54AM,374,60,28,434,97,193,84
2021-09-22 12:08AM,2021-09-22,12:08AM,2021-09-22 8:09AM,2021-09-22,8:09AM,436,45,26,481,104,228,104
2021-09-23 12:38AM,2021-09-23,12:38AM,2021-09-23 9:13AM,2021-09-23,9:13AM,459,56,28,515,115,264,80
2021-09-24 12:52AM,2021-09-24,12:52AM,2021-09-24 7:19AM,2021-09-24,7:19AM,346,41,21,387,63,211,72
2021-09-25 4:35AM,2021-09-25,4:35AM,2021-09-25 1:36PM,2021-09-25,1:36PM,475,66,27,541,84,277,114
2021-09-26 1:20AM,2021-09-26,1:20AM,2021-09-26 11:30AM,2021-09-26,11:30AM,558,51,41,609,160,290,108
2021-09-26 11:24PM,2021-09-26,11:24PM,2021-09-27 7:31AM,2021-09-27,7:31AM,432,55,32,487,97,241,94
2021-09-27 10:22PM,2021-09-27,10:22PM,2021-09-28 5:07AM,2021-09-28,5:07AM,370,35,22,405,89,214,67
2021-09-29 12:44AM,2021-09-29,12:44AM,2021-09-29 7:18AM,2021-09-29,7:18AM,355,39,22,394,83,192,80
2021-09-30 11:34PM,2021-09-30,11:34PM,2021-10-01 6:40AM,2021-10-01,6:40AM,379,47,21,426,107,172,100
2021-09-30 12:02AM,2021-09-30,12:02AM,2021-09-30 7:10AM,2021-09-30,7:10AM,379,49,20,428,81,239,59
2021-10-02 2:55AM,2021-10-02,2:55AM,2021-10-02 11:36AM,2021-10-02,11:36AM,459,61,29,520,155,194,110
2021-10-03 1:53AM,2021-10-03,1:53AM,2021-10-03 10:36AM,2021-10-03,10:36AM,438,85,32,523,100,249,89
2021-10-04 11:10PM,2021-10-04,11:10PM,2021-10-05 9:29AM,2021-10-05,9:29AM,531,88,57,619,127,330,74
2021-10-04 12:06AM,2021-10-04,12:06AM,2021-10-04 7:48AM,2021-10-04,7:48AM,408,54,34,462,124,225,59
2021-10-06 11:24PM,2021-10-06,11:24PM,2021-10-07 8:45AM,2021-10-07,8:45AM,506,55,26,561,146,271,89
2021-10-06 12:16AM,2021-10-06,12:16AM,2021-10-06 7:55AM,2021-10-06,7:55AM,406,52,28,458,127,197,82
2021-10-08 6:11AM,2021-10-08,6:11AM,2021-10-08 7:36AM,2021-10-08,7:36AM,82,3,1,85,N/A,N/A,N/A
2021-10-09 3:03AM,2021-10-09,3:03AM,2021-10-09 3:51PM,2021-10-09,3:51PM,689,79,45,768,172,387,130
2021-10-10 11:18PM,2021-10-10,11:18PM,2021-10-11 6:56AM,2021-10-11,6:56AM,399,59,36,458,73,279,47
2021-10-10 3:23AM,2021-10-10,3:23AM,2021-10-10 12:21PM,2021-10-10,12:21PM,477,61,36,538,133,243,101
2021-10-11 11:26PM,2021-10-11,11:26PM,2021-10-12 7:14AM,2021-10-12,7:14AM,423,44,27,467,118,213,92
2021-10-12 11:46PM,2021-10-12,11:46PM,2021-10-13 4:49AM,2021-10-13,4:49AM,258,45,18,303,50,155,53
2021-10-14 3:21AM,2021-10-14,3:21AM,2021-10-14 8:56AM,2021-10-14,8:56AM,269,66,22,335,25,171,73
2021-10-15 12:55AM,2021-10-15,12:55AM,2021-10-15 7:26AM,2021-10-15,7:26AM,362,29,21,391,90,166,106
2021-10-16 4:54AM,2021-10-16,4:54AM,2021-10-16 10:58AM,2021-10-16,10:58AM,325,38,22,363,65,197,63
2021-10-17 1:05AM,2021-10-17,1:05AM,2021-10-17 1:50PM,2021-10-17,1:50PM,691,74,40,765,166,403,122
2021-10-17 11:06PM,2021-10-17,11:06PM,2021-10-18 6:38AM,2021-10-18,6:38AM,393,59,32,452,85,231,77
2021-10-18 11:44PM,2021-10-18,11:44PM,2021-10-19 7:17AM,2021-10-19,7:17AM,398,55,19,453,80,235,83
2021-10-20 1:31AM,2021-10-20,1:31AM,2021-10-20 7:05AM,2021-10-20,7:05AM,294,40,16,334,73,149,72
2021-10-21 2:14AM,2021-10-21,2:14AM,2021-10-21 9:26AM,2021-10-21,9:26AM,390,41,20,431,109,196,85
2021-10-22 1:51AM,2021-10-22,1:51AM,2021-10-22 6:50AM,2021-10-22,6:50AM,261,38,18,299,38,178,45
2021-10-23 12:03AM,2021-10-23,12:03AM,2021-10-23 3:14AM,2021-10-23,3:14AM,174,17,6,191,23,110,41
2021-10-23 5:06AM,2021-10-23,5:06AM,2021-10-23 3:59PM,2021-10-23,3:59PM,572,81,44,653,134,344,94
2021-10-24 11:54PM,2021-10-24,11:54PM,2021-10-25 8:46AM,2021-10-25,8:46AM,476,56,38,532,165,248,63
2021-10-24 4:27AM,2021-10-24,4:27AM,2021-10-24 11:12AM,2021-10-24,11:12AM,374,31,21,405,108,208,58
2021-10-24 5:21PM,2021-10-24,5:21PM,2021-10-24 9:51PM,2021-10-24,9:51PM,224,46,20,270,27,155,42
2021-10-26 12:58AM,2021-10-26,12:58AM,2021-10-26 8:47AM,2021-10-26,8:47AM,419,50,31,469,94,259,66
2021-10-27 12:25AM,2021-10-27,12:25AM,2021-10-27 10:56AM,2021-10-27,10:56AM,570,61,46,631,169,284,117
2021-10-28 1:10AM,2021-10-28,1:10AM,2021-10-28 7:06AM,2021-10-28,7:06AM,320,35,22,355,86,166,68
2021-10-29 1:28AM,2021-10-29,1:28AM,2021-10-29 11:29AM,2021-10-29,11:29AM,534,67,30,601,164,286,84
2021-10-29 11:10PM,2021-10-29,11:10PM,2021-10-30 5:59AM,2021-10-30,5:59AM,372,36,29,408,119,197,56
2021-10-31 1:34AM,2021-10-31,1:34AM,2021-10-31 11:05AM,2021-10-31,11:05AM,511,60,26,571,119,276,116
2021-10-31 10:26PM,2021-10-31,10:26PM,2021-11-01 6:02AM,2021-11-01,6:02AM,392,64,29,456,72,271,49
2021-11-01 11:53PM,2021-11-01,11:53PM,2021-11-02 7:05AM,2021-11-02,7:05AM,384,48,24,432,86,234,64
2021-11-02 10:57PM,2021-11-02,10:57PM,2021-11-03 6:53AM,2021-11-03,6:53AM,403,73,26,476,76,279,48
2021-11-03 11:15PM,2021-11-03,11:15PM,2021-11-04 6:56AM,2021-11-04,6:56AM,407,54,23,461,129,219,59
2021-11-05 12:08AM,2021-11-05,12:08AM,2021-11-05 6:53AM,2021-11-05,6:53AM,363,42,21,405,78,236,49
2021-11-07 1:55AM,2021-11-07,1:55AM,2021-11-07 10:59AM,2021-11-07,10:59AM,486,58,16,544,118,240,128
2021-11-08 12:04AM,2021-11-08,12:04AM,2021-11-08 7:24AM,2021-11-08,7:24AM,385,55,26,440,87,203,95
2021-11-09 1:37AM,2021-11-09,1:37AM,2021-11-09 11:01AM,2021-11-09,11:01AM,502,62,35,564,112,302,88
2021-11-10 12:11AM,2021-11-10,12:11AM,2021-11-10 7:09AM,2021-11-10,7:09AM,382,36,27,418,110,201,71
2021-11-11 12:58AM,2021-11-11,12:58AM,2021-11-11 9:58AM,2021-11-11,9:58AM,468,72,35,540,113,272,83
2021-11-12 1:37AM,2021-11-12,1:37AM,2021-11-12 7:12AM,2021-11-12,7:12AM,292,42,20,334,62,175,55
2021-11-12 9:51AM,2021-11-12,9:51AM,2021-11-12 1:45PM,2021-11-12,1:45PM,210,24,14,234,52,117,41
2021-11-13 1:04AM,2021-11-13,1:04AM,2021-11-13 8:43AM,2021-11-13,8:43AM,407,52,29,459,101,260,46
2021-11-14 1:18AM,2021-11-14,1:18AM,2021-11-14 10:52AM,2021-11-14,10:52AM,497,77,34,574,121,270,106
2021-11-14 11:12PM,2021-11-14,11:12PM,2021-11-15 11:02AM,2021-11-15,11:02AM,627,83,46,710,138,382,107
2021-11-16 1:11AM,2021-11-16,1:11AM,2021-11-16 11:32AM,2021-11-16,11:32AM,551,70,45,621,167,280,104
2021-11-17 12:42AM,2021-11-17,12:42AM,2021-11-17 7:49AM,2021-11-17,7:49AM,379,48,32,427,85,238,56
2021-11-18 1:11AM,2021-11-18,1:11AM,2021-11-18 9:03AM,2021-11-18,9:03AM,415,57,34,472,106,214,95
2021-11-19 1:45AM,2021-11-19,1:45AM,2021-11-19 7:09AM,2021-11-19,7:09AM,291,32,17,323,88,149,54
2021-11-20 2:28AM,2021-11-20,2:28AM,2021-11-20 10:54AM,2021-11-20,10:54AM,450,56,32,506,117,253,80
2021-11-21 11:33PM,2021-11-21,11:33PM,2021-11-22 7:16AM,2021-11-22,7:16AM,399,64,26,463,90,226,83
2021-11-21 5:03AM,2021-11-21,5:03AM,2021-11-21 12:04PM,2021-11-21,12:04PM,374,47,21,421,81,238,55
2021-11-23 12:29AM,2021-11-23,12:29AM,2021-11-23 7:00AM,2021-11-23,7:00AM,337,54,29,391,67,243,27
2021-11-24 12:05AM,2021-11-24,12:05AM,2021-11-24 8:51AM,2021-11-24,8:51AM,473,53,30,526,100,305,68
2021-11-25 1:48AM,2021-11-25,1:48AM,2021-11-25 9:39AM,2021-11-25,9:39AM,429,42,27,471,107,256,66
2021-11-26 2:04AM,2021-11-26,2:04AM,2021-11-26 10:19AM,2021-11-26,10:19AM,415,80,28,495,83,266,66
2021-11-27 11:46PM,2021-11-27,11:46PM,2021-11-28 8:32AM,2021-11-28,8:32AM,477,49,32,526,135,235,107
2021-11-27 4:38AM,2021-11-27,4:38AM,2021-11-27 10:30AM,2021-11-27,10:30AM,299,53,19,352,52,178,69
2021-11-28 10:40PM,2021-11-28,10:40PM,2021-11-29 7:27AM,2021-11-29,7:27AM,490,37,28,527,153,263,74